id,date,incident_type,severity,status,description,reported_by,created_at
1,2024-04-12,DDoS,Medium,Open,Pioneer Kitten cyber operations,diana,13:46:42
2,2024-12-14,Malware,Low,Open,Infection Hong Kong universities,diana,22:14:19
3,2024-09-27,DDoS,High,Resolved,Targeting World Health Organization,bob,02:05:02
4,2024-04-16,Unauthorized Access,Medium,Resolved,Targeting US power grid,henry,12:57:45
5,2024-03-12,Data Leak,High,Resolved,Impersonation journalists compromise figures,bob,12:01:27
6,2024-07-07,Malware,Critical,Resolved,Targeting Tibet watering-hole attacks,irene,03:38:50
7,2024-01-21,Unauthorized Access,High,Closed,Impersonation journalists compromise figures,diana,00:06:44
8,2024-04-12,DDoS,Medium,Closed,Targeting cryptocurrency businesses persistently,alice,16:38:09
9,2024-05-01,Malware,Low,Resolved,Targeting Israeli water facilities,diana,14:37:45
10,2024-08-02,Malware,Critical,Resolved,Targeting Poland War University,charlie,05:03:21
11,2024-11-26,Unauthorized Access,Critical,Open,Penetration US federal agency,fatima,00:56:05
12,2024-03-28,Malware,Low,Resolved,Tracking Saudi citizens US,george,21:54:53
13,2024-04-09,Data Leak,High,Resolved,Penetration US federal agency,henry,04:28:28
14,2024-12-25,Data Leak,Low,Open,Watering-hole Armenian government sites,bob,19:19:10
15,2024-05-31,Unauthorized Access,High,Resolved,COVID Arabic targeting apps,fatima,10:10:30
16,2024-05-10,DDoS,Low,Resolved,Targeting Australian government companies,fatima,09:02:56
17,2024-05-29,Unauthorized Access,Medium,Closed,Targeting German infrastructure owners,edward,13:24:50
18,2024-11-04,Data Leak,Low,Open,Targeting Wuhan emergency ministry,george,16:27:13
19,2024-09-14,Phishing,Low,Investigating,Targeting US Israel Saudi,charlie,22:30:48
20,2024-12-09,Phishing,Medium,Investigating,Targeting European aerospace defense,diana,23:59:20
21,2024-10-20,Malware,High,Resolved,Targeting Latvia Lithuania Poland,irene,17:18:05
22,2024-07-10,Malware,Low,Investigating,Targeting UN senior officials,diana,18:44:50
23,2024-10-03,Phishing,Medium,Closed,Targeting Japan Russia Korea,charlie,15:02:29
24,2024-06-09,Data Leak,Critical,Closed,Targeting Japan Russia Korea,bob,06:50:33
25,2024-11-09,Malware,Critical,Investigating,COVID operations targeting Australians,edward,00:06:50
26,2024-01-22,Unauthorized Access,Low,Closed,Spyware sent Jeff Bezos,diana,23:13:53
27,2024-09-09,Unauthorized Access,Medium,Open,Targeting ATM networks worldwide,henry,11:43:49
28,2024-08-23,Data Leak,Medium,Investigating,Infection Hong Kong universities,george,00:36:19
29,2024-12-10,Malware,Medium,Resolved,Targeting Tibet watering-hole attacks,fatima,23:04:30
30,2024-02-18,Unauthorized Access,Low,Investigating,Tracking Saudi citizens US,bob,13:06:52
31,2024-02-28,Malware,Low,Resolved,Targeting Vatican City networks,charlie,01:39:57
32,2024-06-18,Malware,Low,Resolved,Zirconium cyber espionage group,irene,11:51:07
33,2024-07-06,Unauthorized Access,High,Investigating,Targeting US Israel Saudi,irene,16:10:36
34,2024-09-27,Phishing,Low,Closed,Attack on Austrian ministry,edward,08:30:12
35,2024-07-08,Unauthorized Access,Medium,Investigating,Targeting Taiwan‑focused entities,charlie,22:05:29
36,2024-06-23,Data Leak,Medium,Closed,Attack on Austrian ministry,bob,17:38:29
37,2024-02-20,DDoS,Medium,Resolved,Targeting ATM networks worldwide,henry,14:34:10
38,2024-12-29,Unauthorized Access,Critical,Resolved,Targeting Vatican City networks,fatima,22:18:13
39,2024-02-24,Malware,Low,Resolved,Targeting Wuhan emergency ministry,george,02:57:45
40,2024-08-31,Malware,High,Resolved,Targeting COVID research orgs,alice,12:40:56
41,2024-11-15,Unauthorized Access,Medium,Resolved,Targeting European aerospace defense,alice,15:34:47
42,2024-05-10,DDoS,Low,Resolved,Attack on Austrian ministry,bob,17:20:06
43,2024-11-02,Unauthorized Access,Low,Investigating,Targeting Australian government companies,charlie,23:58:09
44,2024-05-14,DDoS,High,Resolved,Targeting New York Times journalist,alice,03:39:26
45,2024-01-21,DDoS,Medium,Closed,Pirate Panda cyber campaign,edward,14:00:44
46,2024-11-24,Data Leak,Low,Investigating,Attack on Israeli utilities,charlie,10:41:57
47,2024-06-15,Malware,Medium,Closed,Targeting US power grid,alice,22:06:23
48,2024-09-30,Malware,Medium,Investigating,Targeting Wuhan emergency ministry,henry,07:06:09
49,2024-03-29,DDoS,Medium,Resolved,Targeting Wuhan emergency ministry,fatima,05:12:44
50,2024-11-11,Malware,Medium,Resolved,Targeting Ukraine phishing emails,irene,18:56:04
51,2024-01-14,Phishing,Low,Closed,Infection Hong Kong universities,charlie,20:49:19
52,2024-08-29,DDoS,Medium,Closed,Attack on Austrian ministry,irene,18:22:23
53,2024-09-21,Malware,Medium,Closed,Mitsubishi employees data stolen,irene,01:09:20
54,2024-12-11,Phishing,Medium,Investigating,Targeting US political groups,alice,04:39:19
55,2024-02-22,Data Leak,Medium,Investigating,Targeting Australian government companies,charlie,18:07:44
56,2024-12-05,Malware,Critical,Open,APT36 targeting South Asia,fatima,03:10:15
57,2024-04-01,Phishing,Medium,Closed,Targeting UK trade minister,henry,10:58:18
58,2024-09-20,Unauthorized Access,Medium,Closed,Targeting ATM networks worldwide,diana,19:58:45
59,2024-02-04,Unauthorized Access,Medium,Resolved,Targeting US Israel Saudi,edward,16:59:44
60,2024-07-24,Phishing,Medium,Investigating,Targeting World Health Organization,irene,06:07:07
61,2024-03-21,DDoS,Medium,Investigating,Targeting Kuwait Saudi agencies,fatima,16:14:55
62,2024-02-19,DDoS,Medium,Closed,Targeting Ukrainian government agencies,george,04:12:42
63,2024-12-25,Malware,High,Open,Ghostwriter disinformation operations,george,17:33:18
64,2024-01-02,Unauthorized Access,Low,Resolved,Tonto Team malware distribution,diana,19:41:06
65,2024-02-23,DDoS,Medium,Resolved,Targeting New York Times journalist,diana,08:46:15
66,2024-04-15,DDoS,Critical,Closed,Targeting Australia Southeast Asia,diana,08:51:37
67,2024-09-16,Unauthorized Access,Critical,Resolved,Targeting Japan Russia Korea,edward,07:42:20
68,2024-11-05,Data Leak,Low,Investigating,Fake coronavirus health advisory,edward,06:12:18
69,2024-07-09,DDoS,High,Investigating,Targeting Australian government companies,henry,03:15:22
70,2024-08-05,Phishing,Low,Resolved,Tracking Saudi citizens US,irene,03:50:24
71,2024-02-13,Malware,High,Closed,Targeting Vatican City networks,bob,15:50:02
72,2024-06-10,DDoS,Low,Closed,Fake coronavirus health advisory,george,01:03:50
73,2024-07-20,DDoS,Low,Investigating,Targeting Tibet watering-hole attacks,alice,05:50:02
74,2024-09-26,Data Leak,Medium,Open,Targeting World Health Organization,alice,11:53:15
75,2024-12-16,Phishing,Critical,Open,Targeting Exim email servers,diana,13:57:44
76,2024-10-30,Malware,Medium,Resolved,Targeting CPC Corporation Taiwan,george,10:12:27
77,2024-09-27,DDoS,Medium,Closed,Targeting Taiwan‑focused entities,bob,08:01:25
78,2024-08-02,Malware,Medium,Open,Targeting UK trade minister,bob,09:22:47
79,2024-09-08,Unauthorized Access,Medium,Resolved,Targeting Ukraine phishing emails,alice,17:20:29
80,2024-07-08,DDoS,Critical,Investigating,Targeting US defense contractors,bob,04:28:54
81,2024-10-22,DDoS,Medium,Open,Targeting Australian government companies,george,04:56:33
82,2024-07-31,Unauthorized Access,Medium,Resolved,Catfishing of Israeli soldiers,irene,19:27:43
83,2024-07-26,Data Leak,Medium,Investigating,Penetration US federal agency,fatima,23:04:00
84,2024-08-24,DDoS,Critical,Resolved,Impersonation journalists compromise figures,bob,17:54:42
85,2024-12-03,Malware,Low,Investigating,Targeting US companies agencies,irene,03:17:34
86,2024-02-22,Phishing,Medium,Resolved,Compromise of Bapco systems,george,12:07:00
87,2024-10-06,Malware,Low,Investigating,Targeting Israeli water facilities,alice,08:08:54
88,2024-08-04,Data Leak,Medium,Closed,Targeting South Asia telecom,irene,20:58:13
89,2024-09-08,Phishing,Critical,Resolved,Targeting Iranian expats dissidents,bob,21:52:12
90,2024-07-06,Malware,Medium,Resolved,Targeting UN senior officials,diana,02:21:16
91,2024-02-10,Malware,Medium,Investigating,Targeting US political groups,irene,23:26:48
92,2024-06-05,Unauthorized Access,Low,Open,Spyware sent Jeff Bezos,diana,12:29:47
93,2024-01-15,Data Leak,Medium,Open,APT36 targeting South Asia,charlie,13:43:35
94,2024-10-27,Unauthorized Access,Medium,Investigating,Catfishing of Israeli soldiers,alice,13:53:43
95,2024-03-05,Phishing,Low,Resolved,Breaches Japan firms disclosed,george,23:48:30
96,2024-12-10,Unauthorized Access,Medium,Resolved,Ghostwriter disinformation operations,fatima,23:22:41
97,2024-11-22,Data Leak,Low,Investigating,Breaches Japan firms disclosed,diana,20:27:29
98,2024-01-09,DDoS,Low,Resolved,Targeting German infrastructure owners,fatima,15:54:33
99,2024-12-09,DDoS,High,Investigating,Targeting global financial institutions,fatima,08:29:47
100,2024-05-08,Phishing,Medium,Investigating,Pirate Panda cyber campaign,diana,08:08:21
101,2024-05-15,DDoS,Medium,Resolved,Targeting Tibet watering-hole attacks,fatima,09:25:59
102,2024-03-03,Unauthorized Access,Medium,Resolved,Targeting New York Times journalist,henry,04:12:43
103,2024-05-18,Phishing,Medium,Closed,Targeting Taiwan‑focused entities,charlie,10:35:38
104,2024-03-21,Data Leak,Low,Closed,Targeting Tibet watering-hole attacks,diana,03:11:32
105,2024-06-11,Phishing,Low,Resolved,Attack on Austrian ministry,alice,04:03:19
106,2024-10-15,Phishing,High,Resolved,Targeting Tibet watering-hole attacks,diana,03:14:43
107,2024-09-17,Malware,High,Closed,Zirconium cyber espionage group,irene,12:23:15
108,2024-08-18,Malware,Medium,Resolved,Targeting Israel Middle East,henry,21:33:40
109,2024-02-10,Phishing,High,Resolved,Targeting Ukraine phishing emails,diana,06:51:02
110,2024-01-28,DDoS,Low,Closed,Targeting Israeli water facilities,george,04:13:38
111,2024-05-14,Malware,Medium,Investigating,Breaches Japan firms disclosed,charlie,20:51:23
112,2024-07-19,Data Leak,Medium,Closed,Targeting Vatican City networks,irene,13:23:20
113,2024-11-23,Unauthorized Access,Critical,Open,COVID operations targeting Australians,diana,04:38:20
114,2024-09-24,Malware,Low,Resolved,Targeting Tibet watering-hole attacks,bob,11:24:34
115,2024-02-02,Phishing,High,Closed,Global industrial phishing campaign,edward,13:50:32
116,2024-02-17,DDoS,Low,Resolved,Targeting Kuwait Saudi agencies,bob,21:00:17
117,2024-03-02,Unauthorized Access,Medium,Resolved,Targeting cryptocurrency businesses persistently,fatima,00:03:40
118,2024-08-03,Malware,Low,Investigating,Targeting South Asia telecom,alice,11:18:57
119,2024-10-19,DDoS,Medium,Closed,Targeting Exim email servers,fatima,02:15:11
120,2024-04-08,DDoS,High,Closed,Targeting European aerospace defense,diana,21:29:00
121,2024-06-20,DDoS,Low,Closed,Targeting Wuhan emergency ministry,charlie,19:30:02
122,2024-12-25,Phishing,High,Investigating,Targeting Ukraine phishing emails,bob,06:54:45
123,2024-08-01,Data Leak,Medium,Closed,Targeting Burisma corporate network,george,14:07:55
124,2024-02-04,DDoS,High,Resolved,Attack on Israeli utilities,irene,15:25:35
125,2024-08-14,Unauthorized Access,Low,Resolved,Pioneer Kitten cyber operations,charlie,11:38:16
126,2024-04-10,Malware,Low,Closed,Targeting Japan Russia Korea,fatima,13:17:24
127,2024-05-10,Unauthorized Access,Medium,Resolved,Targeting US political groups,irene,04:35:55
128,2024-09-13,Phishing,Medium,Open,Disruption Shahid Rajaee Port,bob,18:55:24
129,2024-01-05,Phishing,Low,Investigating,Targeting US Israel Saudi,george,21:54:15
130,2024-08-05,Unauthorized Access,Critical,Investigating,Breaches Japan firms disclosed,edward,21:30:34
131,2024-09-11,Data Leak,Low,Closed,Fake coronavirus health advisory,edward,08:05:16
132,2024-12-24,Phishing,High,Investigating,Vicious Panda malware operation,george,03:52:50
133,2024-10-09,Phishing,Low,Resolved,Targeting Burisma corporate network,irene,14:23:34
134,2024-07-25,Unauthorized Access,Low,Resolved,Targeting German infrastructure owners,diana,00:20:04
135,2024-01-15,Phishing,Low,Resolved,Pioneer Kitten cyber operations,irene,19:35:55
136,2024-12-11,Data Leak,Medium,Open,Targeting US companies agencies,irene,16:46:12
137,2024-02-11,Data Leak,Medium,Closed,Targeting ATM networks worldwide,diana,11:30:09
138,2024-06-27,Data Leak,Medium,Resolved,Targeting South Asia telecom,charlie,05:16:06
139,2024-03-03,Malware,Critical,Closed,Targeting US political groups,bob,10:48:25
140,2024-12-17,Data Leak,Medium,Investigating,Targeting Hong Kong mobile malware,irene,07:58:12
141,2024-08-18,Data Leak,Medium,Resolved,Targeting Latvia Lithuania Poland,bob,18:11:54
142,2024-08-28,Malware,Low,Resolved,Ghostwriter disinformation operations,fatima,16:35:40
143,2024-02-21,DDoS,Medium,Closed,Targeting Exim email servers,edward,05:22:03
144,2024-04-05,Phishing,High,Closed,Targeting CPC Corporation Taiwan,edward,21:53:55
145,2024-08-09,Data Leak,Medium,Open,Targeting German infrastructure owners,diana,10:19:04
146,2024-08-18,Phishing,Medium,Resolved,Fake coronavirus health advisory,fatima,05:18:39
147,2024-08-24,Unauthorized Access,High,Resolved,COVID Arabic targeting apps,edward,01:15:01
148,2024-05-22,Phishing,Medium,Closed,Attacks Middle East Europe,diana,21:48:16
149,2024-06-19,Malware,Low,Resolved,Attacks Middle East Europe,irene,11:39:21
150,2024-01-29,Phishing,Medium,Closed,Watering-hole Armenian government sites,fatima,11:14:47
151,2024-02-05,Phishing,Medium,Closed,Targeting Wuhan emergency ministry,charlie,18:17:27
152,2024-01-13,Phishing,Medium,Resolved,Targeting Latvia Lithuania Poland,fatima,04:29:42
153,2024-06-08,DDoS,Low,Closed,Targeting ATM networks worldwide,alice,09:57:21
154,2024-11-22,DDoS,Medium,Open,Compromise of Bapco systems,edward,20:53:51
155,2024-07-05,Unauthorized Access,Low,Open,RedDelta cyber espionage,fatima,17:24:49
156,2024-08-30,Malware,High,Investigating,Targeting cryptocurrency businesses persistently,henry,22:58:36
157,2024-03-26,Phishing,Low,Investigating,APT36 targeting South Asia,irene,07:51:12
158,2024-10-10,Phishing,Medium,Closed,APT36 targeting South Asia,charlie,18:01:23
159,2024-03-06,Phishing,Medium,Investigating,Vicious Panda malware operation,bob,10:36:46
160,2024-06-18,Phishing,Medium,Resolved,Targeting US power grid,diana,13:42:55
161,2024-02-14,DDoS,Medium,Investigating,Targeting Ukraine phishing emails,henry,02:08:28
162,2024-03-02,Unauthorized Access,High,Resolved,COVID Arabic targeting apps,henry,12:07:45
163,2024-05-13,Data Leak,Low,Investigating,Targeting cryptocurrency businesses persistently,charlie,05:33:34
164,2024-10-10,Malware,Medium,Resolved,Targeting US Israel Saudi,diana,07:40:05
165,2024-01-28,Phishing,Low,Investigating,Targeting global financial institutions,charlie,08:11:40
166,2024-04-17,Unauthorized Access,Low,Closed,Targeting US companies agencies,bob,01:54:49
167,2024-02-13,Data Leak,Medium,Closed,BlackTech cyber espionage group,diana,06:31:04
168,2024-12-05,Unauthorized Access,Low,Open,Targeting UN senior officials,fatima,17:44:58
169,2024-10-12,DDoS,Medium,Closed,Targeting COVID vaccine research,edward,14:15:55
170,2024-11-26,Data Leak,High,Open,Spyware sent Jeff Bezos,charlie,10:53:23
171,2024-05-07,Unauthorized Access,Low,Resolved,Storm Cloud cyber campaign,bob,05:47:45
172,2024-12-13,DDoS,Medium,Open,Penetration US federal agency,irene,00:47:06
173,2024-08-18,Unauthorized Access,Medium,Investigating,Tonto Team malware distribution,alice,19:56:59
174,2024-07-08,Unauthorized Access,Medium,Resolved,Targeting European aerospace defense,irene,14:16:57
175,2024-08-12,Data Leak,Medium,Resolved,Tonto Team malware distribution,alice,12:17:05
176,2024-10-09,DDoS,Low,Investigating,Targeting cryptocurrency businesses persistently,george,15:22:49
177,2024-04-30,Phishing,High,Closed,Targeting Azerbaijani government networks,fatima,17:14:12
178,2024-04-25,Malware,Medium,Resolved,Targeting Poland War University,george,12:40:53
179,2024-08-20,Data Leak,Medium,Resolved,Impersonation journalists compromise figures,charlie,14:14:56
180,2024-09-15,DDoS,Medium,Investigating,Targeting German infrastructure owners,charlie,14:14:17
181,2024-12-24,Unauthorized Access,Medium,Open,Targeting Latvia Lithuania Poland,alice,02:36:54
182,2024-07-16,DDoS,High,Investigating,Targeting Hong Kong mobile malware,diana,19:13:05
183,2024-05-16,Malware,High,Resolved,Targeting COVID research orgs,bob,10:18:18
184,2024-11-13,Malware,Medium,Investigating,Targeting Taiwanese government emails,henry,10:16:50
185,2024-06-13,Phishing,Low,Closed,Targeting ATM networks worldwide,charlie,07:06:11
186,2024-08-12,Phishing,High,Open,Zirconium cyber espionage group,george,19:57:08
187,2024-11-02,Malware,Low,Investigating,Tonto Team malware distribution,george,14:20:12
188,2024-08-21,Data Leak,Low,Resolved,Targeting COVID vaccine research,irene,03:32:35
189,2024-06-20,Data Leak,Low,Closed,Targeting US political groups,fatima,04:45:57
190,2024-05-31,Unauthorized Access,Low,Resolved,Targeting Australian government companies,alice,11:46:31
191,2024-11-10,Phishing,Medium,Investigating,Global industrial phishing campaign,henry,21:07:52
192,2024-06-08,Unauthorized Access,High,Closed,Spear‑phishing unnamed US agency,alice,01:58:14
193,2024-04-05,Phishing,Medium,Closed,Targeting Taiwanese government emails,charlie,11:04:15
194,2024-08-20,Malware,Medium,Resolved,Targeting Japan Russia Korea,edward,16:39:29
195,2024-06-28,Data Leak,Low,Investigating,Targeting US power grid,henry,23:50:04
196,2024-04-22,Data Leak,Medium,Resolved,Impersonation journalists compromise figures,irene,05:57:35
197,2024-11-13,Malware,Low,Investigating,Pioneer Kitten cyber operations,george,21:00:49
198,2024-02-21,Unauthorized Access,High,Closed,Pioneer Kitten cyber operations,irene,05:00:30
199,2024-09-24,Unauthorized Access,Low,Investigating,Targeting Iranian expats dissidents,charlie,16:05:18
200,2024-10-21,DDoS,Medium,Resolved,Ghostwriter disinformation operations,edward,17:33:54
201,2024-04-22,Phishing,Medium,Resolved,Targeting Iranian expats dissidents,henry,10:35:52
202,2024-04-10,Unauthorized Access,Medium,Resolved,Targeting Israel Middle East,alice,05:16:22
203,2024-04-22,Malware,Low,Closed,Targeting Israeli water facilities,henry,07:38:14
204,2024-03-21,Unauthorized Access,Medium,Closed,Targeting Australian government companies,george,07:56:31
205,2024-07-05,Data Leak,Low,Investigating,Targeting US power grid,alice,07:07:24
206,2024-04-22,Phishing,Low,Closed,Targeting Vatican City networks,fatima,23:42:39
207,2024-01-02,DDoS,Low,Resolved,Targeting Wuhan emergency ministry,alice,00:19:57
208,2024-05-09,Phishing,High,Resolved,Australian Signals Directorate operation,bob,13:11:17
209,2024-08-07,Data Leak,Low,Investigating,Targeting companies Central Asia,edward,20:57:35
210,2024-02-23,Data Leak,Low,Investigating,Targeting South Asia telecom,bob,03:42:42
211,2024-12-08,Data Leak,High,Open,Targeting US government employees,alice,05:22:26
212,2024-08-11,Data Leak,High,Investigating,Targeting German infrastructure owners,fatima,13:42:35
213,2024-08-12,Malware,High,Closed,Targeting ATM networks worldwide,henry,15:33:02
214,2024-05-05,DDoS,Critical,Investigating,Targeting Kuwait Saudi agencies,henry,06:07:29
215,2024-05-09,Data Leak,Medium,Closed,Global industrial phishing campaign,henry,02:03:03
216,2024-02-22,Data Leak,Low,Open,Targeting Latvia Lithuania Poland,fatima,03:29:49
217,2024-06-20,Unauthorized Access,Medium,Closed,Spyware sent Jeff Bezos,charlie,12:56:47
218,2024-08-05,DDoS,Medium,Resolved,Targeting CPC Corporation Taiwan,alice,17:15:11
219,2024-06-08,Phishing,Low,Open,Targeting Latvia Lithuania Poland,bob,06:32:24
220,2024-07-16,DDoS,Medium,Resolved,Spear‑phishing unnamed US agency,edward,01:54:37
221,2024-09-03,DDoS,Low,Resolved,Targeting European aerospace defense,edward,04:16:20
222,2024-11-19,DDoS,Medium,Resolved,Spear‑phishing unnamed US agency,alice,18:45:59
223,2024-07-21,Data Leak,Medium,Resolved,Targeting Vatican City networks,alice,23:40:09
224,2024-07-02,Data Leak,Medium,Resolved,Pirate Panda cyber campaign,irene,12:19:26
225,2024-05-02,Malware,Medium,Closed,APT36 targeting South Asia,bob,21:36:17
226,2024-09-11,Phishing,High,Resolved,Targeting Israeli water facilities,george,15:47:41
227,2024-10-20,Unauthorized Access,Low,Open,Targeting Taiwan‑focused entities,diana,05:24:33
228,2024-10-06,DDoS,Medium,Closed,Targeting Taiwan‑focused entities,george,22:49:38
229,2024-11-20,Phishing,Low,Investigating,Targeting Vatican City networks,henry,14:42:32
230,2024-04-07,Phishing,Medium,Resolved,Targeting UK trade minister,edward,08:55:12
231,2024-07-16,Malware,High,Open,Targeting World Health Organization,alice,01:14:15
232,2024-08-27,Unauthorized Access,Medium,Resolved,Targeting Mongolian government lures,diana,04:19:31
233,2024-05-23,DDoS,High,Closed,Impersonation journalists compromise figures,charlie,08:46:09
234,2024-04-06,Unauthorized Access,Low,Resolved,Targeting Vatican City networks,edward,14:26:29
235,2024-07-19,Malware,Low,Resolved,Targeting World Health Organization,fatima,17:47:25
236,2024-05-03,Data Leak,Low,Closed,Targeting US political groups,bob,11:01:14
237,2024-07-05,Phishing,Critical,Closed,Pioneer Kitten cyber operations,george,21:42:19
238,2024-11-21,DDoS,Medium,Investigating,Targeting South Asia telecom,charlie,06:16:48
239,2024-12-14,Data Leak,Medium,Open,Vicious Panda malware operation,alice,23:46:03
240,2024-09-15,Malware,Low,Closed,Targeting US defense contractors,charlie,13:40:00
241,2024-05-27,Unauthorized Access,High,Closed,Disruption Shahid Rajaee Port,irene,23:58:33
242,2024-09-08,Phishing,Medium,Investigating,Targeting European aerospace defense,fatima,03:15:45
243,2024-12-11,DDoS,Medium,Open,Attacks Middle East Europe,fatima,16:52:54
244,2024-05-26,Data Leak,High,Resolved,Fake coronavirus health advisory,diana,23:40:37
245,2024-05-27,Data Leak,Medium,Resolved,Australian Signals Directorate operation,henry,13:54:42
246,2024-12-17,Phishing,Medium,Open,Targeting Poland War University,edward,10:01:13
247,2024-07-17,Unauthorized Access,Low,Closed,COVID operations targeting Australians,george,23:01:21
248,2024-11-03,Malware,Low,Open,Targeting CPC Corporation Taiwan,irene,23:46:55
249,2024-05-07,Unauthorized Access,Medium,Closed,Targeting European aerospace defense,edward,16:12:22
250,2024-02-08,Unauthorized Access,Medium,Resolved,Targeting Australia Southeast Asia,edward,13:22:25
251,2024-12-03,Unauthorized Access,Medium,Resolved,Targeting Iranian expats dissidents,diana,00:25:20
252,2024-12-25,Phishing,Low,Investigating,Targeting Taiwanese government emails,fatima,04:22:08
253,2024-05-08,Phishing,Low,Open,Impersonation journalists compromise figures,bob,04:14:46
254,2024-09-23,Malware,Low,Resolved,Targeting New York Times journalist,charlie,03:00:31
255,2024-05-30,Unauthorized Access,Low,Investigating,Spear‑phishing unnamed US agency,alice,04:26:37
256,2024-10-24,Phishing,Medium,Closed,Targeting German infrastructure owners,bob,17:48:42
257,2024-04-08,Malware,Low,Closed,Targeting New York Times journalist,bob,23:21:10
258,2024-09-19,Malware,Medium,Resolved,Targeting Ukraine phishing emails,henry,18:33:33
259,2024-09-08,Unauthorized Access,Medium,Resolved,Targeting US power grid,henry,08:11:22
260,2024-05-23,DDoS,Low,Resolved,Vicious Panda malware operation,bob,00:50:18
261,2024-12-11,Unauthorized Access,High,Investigating,Mitsubishi employees data stolen,fatima,21:21:59
262,2024-04-21,DDoS,Critical,Resolved,Targeting Iranian expats dissidents,edward,20:51:41
263,2024-02-29,Malware,Medium,Resolved,Targeting Wuhan emergency ministry,charlie,20:50:55
264,2024-01-02,Phishing,Medium,Resolved,Targeting Iranian expats dissidents,edward,17:27:28
265,2024-10-30,Data Leak,Low,Open,Attack on Israeli utilities,edward,09:57:57
266,2024-09-10,Malware,High,Resolved,Targeting Taiwanese government emails,edward,03:26:33
267,2024-05-19,Phishing,High,Open,Storm Cloud cyber campaign,charlie,21:35:09
268,2024-02-06,Malware,High,Resolved,Targeting Japan Russia Korea,charlie,06:35:36
269,2024-06-08,Unauthorized Access,Critical,Resolved,Catfishing of Israeli soldiers,diana,13:58:46
270,2024-01-09,DDoS,High,Resolved,Targeting Japan Russia Korea,george,17:37:43
271,2024-08-20,Malware,Medium,Resolved,Tracking Saudi citizens US,bob,23:28:08
272,2024-04-08,Phishing,Medium,Closed,Targeting ATM networks worldwide,diana,15:47:20
273,2024-05-26,Unauthorized Access,Low,Closed,Australian Signals Directorate operation,diana,10:51:47
274,2024-10-30,Data Leak,Low,Investigating,Targeting UN senior officials,alice,20:48:17
275,2024-07-26,Unauthorized Access,Medium,Investigating,Targeting Australia Southeast Asia,henry,04:33:34
276,2024-05-10,DDoS,High,Closed,Impersonation journalists compromise figures,alice,03:37:13
277,2024-05-31,Unauthorized Access,High,Resolved,Targeting Taiwanese government emails,henry,11:50:28
278,2024-02-23,Data Leak,Low,Investigating,Tonto Team malware distribution,george,02:18:42
279,2024-04-29,Phishing,Medium,Closed,Compromise of Bapco systems,irene,19:34:12
280,2024-06-09,Malware,Low,Closed,Attacks Middle East Europe,henry,06:43:53
281,2024-04-25,DDoS,Low,Closed,Targeting Vatican City networks,edward,14:45:27
282,2024-03-15,Data Leak,Low,Closed,Tracking Saudi citizens US,henry,00:43:08
283,2024-04-22,DDoS,Low,Closed,Targeting New York Times journalist,charlie,14:20:15
284,2024-04-13,Unauthorized Access,Medium,Investigating,Mitsubishi employees data stolen,george,20:14:43
285,2024-12-05,DDoS,Medium,Open,Attack on Austrian ministry,diana,19:31:49
286,2024-09-10,Data Leak,Low,Resolved,Targeting US Israel Saudi,edward,19:17:59
287,2024-08-14,Malware,Medium,Resolved,Targeting COVID vaccine research,irene,17:47:16
288,2024-04-21,Malware,High,Resolved,Targeting World Health Organization,george,02:19:39
289,2024-04-08,DDoS,Medium,Resolved,Attacks Middle East Europe,diana,18:53:33
290,2024-06-01,Phishing,Medium,Resolved,Targeting New York Times journalist,fatima,21:17:20
291,2024-12-14,DDoS,Low,Investigating,Compromise of Bapco systems,george,19:37:25
292,2024-12-31,Unauthorized Access,Medium,Open,Targeting German infrastructure owners,irene,23:43:39
293,2024-12-03,Malware,Medium,Open,Targeting Israeli water facilities,diana,04:31:04
294,2024-07-12,Malware,Low,Resolved,Spear‑phishing unnamed US agency,charlie,07:33:12
295,2024-11-05,Malware,Low,Investigating,Targeting Australia Southeast Asia,henry,23:58:41
296,2024-06-11,Phishing,Medium,Resolved,Ghostwriter disinformation operations,alice,04:16:18
297,2024-07-26,Phishing,Medium,Resolved,Targeting Poland War University,irene,06:34:40
298,2024-06-17,Data Leak,Medium,Closed,Tonto Team malware distribution,alice,21:48:45
299,2024-06-09,DDoS,Medium,Resolved,Targeting Burisma corporate network,bob,06:33:04
300,2024-03-08,DDoS,High,Open,Targeting cryptocurrency businesses persistently,henry,00:11:37
301,2024-10-15,Unauthorized Access,Medium,Resolved,Targeting CPC Corporation Taiwan,irene,20:11:48
302,2024-10-03,Malware,Low,Investigating,Zirconium cyber espionage group,george,16:16:59
303,2024-10-30,Phishing,Medium,Closed,Attacks Middle East Europe,charlie,11:26:35
304,2024-05-14,Unauthorized Access,Medium,Investigating,Targeting Ukraine phishing emails,george,04:28:47
305,2024-07-13,Unauthorized Access,High,Resolved,Targeting Taiwanese government emails,fatima,01:25:30
306,2024-05-07,Phishing,Medium,Investigating,Attack on Austrian ministry,bob,04:41:24
307,2024-02-02,DDoS,Low,Resolved,Targeting US government employees,charlie,20:56:17
308,2024-06-24,Malware,Medium,Resolved,Targeting US defense contractors,edward,07:30:30
309,2024-01-22,DDoS,Critical,Resolved,Watering-hole Armenian government sites,diana,23:45:42
310,2024-08-25,Unauthorized Access,Medium,Resolved,Targeting US government employees,bob,05:52:10
311,2024-06-06,Malware,Low,Resolved,Tracking Saudi citizens US,diana,03:11:50
312,2024-02-07,Data Leak,Medium,Resolved,Attacks Middle East Europe,henry,20:28:47
313,2024-08-17,Unauthorized Access,High,Resolved,Targeting US agency networks,edward,09:20:54
314,2024-12-30,DDoS,Medium,Open,Watering-hole Armenian government sites,edward,01:16:28
315,2024-02-20,DDoS,Low,Closed,Targeting German infrastructure owners,charlie,03:04:50
316,2024-09-20,DDoS,High,Resolved,Attack on Israeli utilities,henry,04:32:26
317,2024-10-09,Phishing,Medium,Resolved,Spear‑phishing unnamed US agency,fatima,18:25:41
318,2024-01-27,Unauthorized Access,Medium,Open,Targeting Mongolian government lures,bob,10:52:15
319,2024-08-13,Malware,High,Resolved,Fake coronavirus health advisory,bob,13:14:12
320,2024-10-03,DDoS,Low,Resolved,Targeting Iranian expats dissidents,irene,19:49:19
321,2024-10-12,DDoS,Low,Investigating,Targeting US Israel Saudi,george,06:14:52
322,2024-04-06,Phishing,Medium,Closed,Australian Signals Directorate operation,irene,15:24:10
323,2024-10-10,Malware,High,Investigating,Targeting Australia Southeast Asia,fatima,23:57:46
324,2024-11-12,Unauthorized Access,High,Resolved,Targeting Hong Kong mobile malware,edward,00:00:11
325,2024-10-30,Data Leak,Medium,Open,Targeting COVID research orgs,alice,09:02:30
326,2024-05-26,Phishing,Medium,Closed,Global industrial phishing campaign,fatima,10:56:40
327,2024-01-04,Unauthorized Access,High,Resolved,APT36 targeting South Asia,fatima,01:40:51
328,2024-02-04,Data Leak,High,Resolved,Pirate Panda cyber campaign,charlie,18:54:44
329,2024-07-10,DDoS,High,Investigating,Targeting Azerbaijani government networks,charlie,10:40:56
330,2024-02-18,DDoS,Low,Resolved,Targeting Wuhan emergency ministry,charlie,23:59:57
331,2024-01-17,Malware,Low,Closed,Compromise of Bapco systems,charlie,19:26:45
332,2024-06-20,Data Leak,Low,Resolved,Targeting US IT sectors,george,16:11:56
333,2024-08-07,DDoS,High,Investigating,Targeting US political groups,bob,05:05:31
334,2024-06-06,DDoS,Low,Resolved,Pirate Panda cyber campaign,bob,21:00:37
335,2024-02-15,Malware,High,Resolved,Vicious Panda malware operation,charlie,17:51:23
336,2024-01-06,Unauthorized Access,Medium,Resolved,Tonto Team malware distribution,george,11:23:37
337,2024-04-08,DDoS,Low,Closed,Targeting Wuhan emergency ministry,charlie,19:01:46
338,2024-08-20,Phishing,Medium,Investigating,Targeting US Israel Saudi,george,12:49:12
339,2024-02-06,Phishing,Medium,Closed,Breaches Japan firms disclosed,irene,22:04:12
340,2024-10-06,Unauthorized Access,High,Resolved,Ghostwriter disinformation operations,diana,19:35:44
341,2024-12-14,Data Leak,High,Open,Targeting Iranian expats dissidents,george,18:35:24
342,2024-10-28,Malware,Medium,Resolved,Targeting Kuwait Saudi agencies,irene,07:38:24
343,2024-06-29,Phishing,Medium,Resolved,Australian Signals Directorate operation,henry,03:36:17
344,2024-04-04,Phishing,Low,Resolved,Breaches Japan firms disclosed,henry,01:37:43
345,2024-04-08,Unauthorized Access,Medium,Resolved,Penetration US federal agency,irene,08:37:57
346,2024-07-06,Data Leak,Medium,Investigating,Targeting Taiwan‑focused entities,edward,01:20:14
347,2024-04-25,Data Leak,Critical,Resolved,Targeting Kuwait Saudi agencies,edward,06:50:51
348,2024-07-09,Unauthorized Access,High,Closed,Targeting Japan Russia Korea,charlie,05:09:28
349,2024-09-09,Phishing,Low,Investigating,Spyware sent Jeff Bezos,edward,10:54:43
350,2024-06-09,Malware,High,Resolved,Targeting US defense contractors,henry,07:50:08
351,2024-09-12,Phishing,Medium,Closed,Fake coronavirus health advisory,edward,04:53:10
352,2024-11-18,Data Leak,High,Closed,Targeting US power grid,diana,21:55:24
353,2024-05-07,Phishing,Low,Resolved,Targeting Tibet watering-hole attacks,henry,20:06:01
354,2024-01-18,Malware,Low,Resolved,Targeting Australian government companies,george,07:51:56
355,2024-10-07,DDoS,High,Resolved,Attack on Austrian ministry,fatima,21:32:46
356,2024-08-10,Phishing,Medium,Closed,Targeting Israel Middle East,edward,13:04:23
357,2024-02-23,Unauthorized Access,Medium,Closed,Watering-hole Armenian government sites,edward,10:05:58
358,2024-02-27,DDoS,Medium,Resolved,Targeting Australia Southeast Asia,bob,04:40:41
359,2024-11-18,Unauthorized Access,High,Investigating,Targeting cryptocurrency businesses persistently,diana,22:39:27
360,2024-12-25,Unauthorized Access,Low,Investigating,Targeting US government employees,henry,15:21:54
361,2024-06-22,Unauthorized Access,High,Closed,Targeting cryptocurrency businesses persistently,henry,02:42:26
362,2024-10-06,Phishing,Low,Resolved,Targeting Tibet watering-hole attacks,alice,20:01:09
363,2024-04-23,Data Leak,Medium,Closed,Targeting Australian government companies,bob,09:16:59
364,2024-10-14,DDoS,High,Closed,Targeting Israeli water facilities,edward,09:29:27
365,2024-12-07,Malware,Medium,Open,Targeting Poland War University,irene,13:54:00
366,2024-05-30,Data Leak,Medium,Resolved,Targeting European aerospace defense,george,23:39:26
367,2024-05-06,Phishing,Medium,Resolved,Targeting Azerbaijani government networks,edward,05:56:46
368,2024-06-03,Unauthorized Access,Medium,Resolved,Pioneer Kitten cyber operations,alice,14:33:56
369,2024-09-29,Malware,Medium,Open,Catfishing of Israeli soldiers,fatima,16:36:17
370,2024-04-13,DDoS,Medium,Investigating,Penetration US federal agency,henry,03:01:52
371,2024-10-25,Data Leak,High,Resolved,Infection Hong Kong universities,george,09:15:15
372,2024-09-02,Data Leak,Medium,Closed,Fake coronavirus health advisory,bob,15:29:10
373,2024-06-24,Malware,Medium,Resolved,Targeting Japan Russia Korea,edward,05:12:55
374,2024-02-08,Phishing,Medium,Resolved,Pioneer Kitten cyber operations,diana,19:30:42
375,2024-06-18,DDoS,Medium,Resolved,Global industrial phishing campaign,irene,07:25:07
376,2024-09-03,Malware,Medium,Resolved,Targeting Vatican City networks,alice,02:34:08
377,2024-01-26,Unauthorized Access,Low,Closed,Compromise of Bapco systems,fatima,22:55:18
378,2024-12-20,DDoS,Low,Investigating,Impersonation journalists compromise figures,charlie,09:48:30
379,2024-11-01,Data Leak,Medium,Open,Targeting Ukrainian government agencies,irene,23:03:04
380,2024-01-13,Malware,Medium,Investigating,Ghostwriter disinformation operations,edward,23:30:16
381,2024-11-11,Data Leak,Medium,Open,Targeting US agency networks,fatima,07:00:48
382,2024-11-08,Data Leak,Low,Investigating,Targeting Azerbaijani government networks,irene,13:32:57
383,2024-02-05,Data Leak,Critical,Closed,Targeting US agency networks,irene,20:31:17
384,2024-06-21,Phishing,Medium,Closed,Targeting Taiwan‑focused entities,henry,23:55:55
385,2024-01-20,Data Leak,Low,Resolved,RedDelta cyber espionage,irene,23:35:04
386,2024-11-16,Unauthorized Access,High,Resolved,Fake coronavirus health advisory,diana,18:37:13
387,2024-09-20,Unauthorized Access,High,Closed,Targeting COVID research orgs,fatima,22:01:31
388,2024-05-21,DDoS,Medium,Resolved,Targeting Japan Russia Korea,edward,05:58:21
389,2024-05-22,Data Leak,Medium,Resolved,Targeting UK trade minister,edward,15:16:49
390,2024-04-01,Data Leak,Low,Closed,Targeting CPC Corporation Taiwan,diana,05:35:18
391,2024-12-19,Malware,Low,Open,Pioneer Kitten cyber operations,bob,11:31:05
392,2024-11-17,Phishing,High,Resolved,Targeting US defense contractors,fatima,15:47:16
393,2024-10-14,DDoS,Critical,Closed,Infection Hong Kong universities,irene,13:47:48
394,2024-08-02,Data Leak,Medium,Resolved,Targeting Exim email servers,alice,00:56:36
395,2024-12-07,Malware,Medium,Resolved,Ghostwriter disinformation operations,george,21:58:36
396,2024-02-20,Phishing,Medium,Closed,Targeting WHO staff emails,fatima,09:00:40
397,2024-06-01,DDoS,High,Closed,Targeting UK trade minister,charlie,02:49:21
398,2024-07-04,DDoS,Medium,Investigating,Catfishing of Israeli soldiers,alice,09:50:05
399,2024-03-03,Data Leak,Medium,Investigating,Spear‑phishing unnamed US agency,diana,04:32:14
400,2024-07-08,DDoS,Medium,Investigating,Attack on Israeli utilities,irene,19:21:00
401,2024-05-04,Malware,Medium,Closed,Targeting US government employees,bob,04:00:16
402,2024-05-29,DDoS,Medium,Investigating,Attack on Austrian ministry,charlie,19:57:55
403,2024-11-09,Unauthorized Access,Medium,Open,Zirconium cyber espionage group,bob,14:48:37
404,2024-02-27,Malware,High,Investigating,Targeting Poland War University,bob,02:24:05
405,2024-12-07,Phishing,High,Investigating,Targeting Ukraine phishing emails,henry,11:59:29
406,2024-10-31,Phishing,Medium,Closed,Targeting US IT sectors,charlie,23:18:29
407,2024-06-28,Data Leak,Medium,Closed,Targeting COVID vaccine research,george,03:14:22
408,2024-06-18,Data Leak,Medium,Resolved,Zirconium cyber espionage group,henry,13:12:35
409,2024-11-21,Unauthorized Access,Medium,Resolved,Targeting US government employees,charlie,12:08:34
410,2024-09-27,Phishing,Medium,Resolved,Targeting US agency networks,bob,09:56:55
411,2024-02-23,Phishing,Low,Resolved,Tracking Saudi citizens US,henry,05:19:39
412,2024-04-10,Phishing,Medium,Resolved,Zirconium cyber espionage group,charlie,08:13:11
413,2024-09-20,Phishing,High,Investigating,Targeting global financial institutions,george,09:57:47
414,2024-02-22,DDoS,High,Closed,Targeting German infrastructure owners,alice,00:21:32
415,2024-02-29,Malware,Medium,Resolved,Targeting US government employees,fatima,03:33:58
416,2024-04-17,Malware,Medium,Resolved,Attacks Middle East Europe,irene,13:43:54
417,2024-01-05,Unauthorized Access,High,Closed,Attack on Israeli utilities,charlie,08:05:27
418,2024-04-12,DDoS,Medium,Resolved,Targeting global financial institutions,george,13:47:08
419,2024-07-14,Phishing,High,Investigating,RedDelta cyber espionage,fatima,03:49:22
420,2024-09-18,Phishing,Medium,Resolved,Ghostwriter disinformation operations,henry,04:29:47
421,2024-12-30,Data Leak,Medium,Open,Targeting US agency networks,charlie,06:23:53
422,2024-12-15,Data Leak,Low,Investigating,Pirate Panda cyber campaign,charlie,19:10:06
423,2024-02-16,Unauthorized Access,High,Resolved,Targeting Australian government companies,diana,11:09:40
424,2024-12-20,Phishing,Low,Investigating,Targeting Exim email servers,charlie,21:26:18
425,2024-11-06,Unauthorized Access,Low,Investigating,Targeting Kuwait Saudi agencies,irene,17:49:35
426,2024-11-03,DDoS,High,Investigating,Targeting Ukraine phishing emails,diana,03:28:42
427,2024-05-23,Malware,High,Resolved,Targeting World Health Organization,fatima,19:15:31
428,2024-09-25,Phishing,Medium,Resolved,Spyware sent Jeff Bezos,henry,12:42:11
429,2024-05-03,DDoS,Low,Closed,Watering-hole Armenian government sites,henry,20:49:53
430,2024-04-15,Phishing,Low,Closed,Targeting German infrastructure owners,edward,10:16:01
431,2024-06-06,Data Leak,Medium,Closed,Targeting South Asia telecom,edward,20:04:51
432,2024-05-26,Unauthorized Access,Low,Resolved,Attack on Israeli utilities,fatima,09:52:07
433,2024-05-24,Data Leak,Critical,Resolved,Attacks Middle East Europe,george,22:07:01
434,2024-04-29,Malware,Critical,Closed,Targeting COVID research orgs,george,03:36:24
435,2024-11-14,Data Leak,Low,Investigating,Targeting COVID research orgs,diana,01:44:46
436,2024-10-01,Phishing,Low,Investigating,RedDelta cyber espionage,fatima,06:13:00
437,2024-04-01,Data Leak,Medium,Resolved,Mitsubishi employees data stolen,george,11:34:40
438,2024-02-27,Phishing,Low,Investigating,Targeting US agency networks,edward,14:11:00
439,2024-12-11,Malware,Low,Open,Targeting US IT sectors,edward,06:34:41
440,2024-08-16,Data Leak,Low,Closed,Spear‑phishing unnamed US agency,bob,12:34:02
441,2024-04-26,Unauthorized Access,Low,Resolved,Attacks Middle East Europe,george,19:21:28
442,2024-11-13,Unauthorized Access,Low,Open,Targeting Azerbaijani government networks,fatima,20:05:08
443,2024-10-05,Unauthorized Access,High,Closed,COVID Arabic targeting apps,alice,21:38:57
444,2024-05-06,Data Leak,Low,Closed,Targeting Hong Kong mobile malware,diana,14:39:36
445,2024-05-08,Data Leak,High,Resolved,Targeting COVID research orgs,charlie,17:21:43
446,2024-02-27,Data Leak,Low,Resolved,Infection Hong Kong universities,charlie,21:33:55
447,2024-05-01,Phishing,Medium,Closed,Targeting Tibet watering-hole attacks,george,04:38:41
448,2024-01-01,Malware,Medium,Closed,Australian Signals Directorate operation,diana,09:25:55
449,2024-08-26,Unauthorized Access,Medium,Resolved,Targeting ATM networks worldwide,henry,00:20:44
450,2024-10-16,Phishing,High,Closed,Targeting Australia Southeast Asia,irene,18:41:54
451,2024-04-05,Unauthorized Access,Medium,Closed,Pioneer Kitten cyber operations,charlie,05:39:40
452,2024-05-05,Phishing,Low,Resolved,Targeting US political groups,edward,23:56:28
453,2024-04-27,Data Leak,Low,Closed,Attack on Austrian ministry,diana,04:36:03
454,2024-02-17,Unauthorized Access,Medium,Resolved,Catfishing of Israeli soldiers,fatima,05:11:40
455,2024-03-29,Data Leak,Low,Closed,Targeting Azerbaijani government networks,diana,13:47:30
456,2024-08-24,Unauthorized Access,Low,Resolved,Tonto Team malware distribution,henry,20:39:51
457,2024-09-28,DDoS,Medium,Open,Targeting UK trade minister,charlie,09:44:04
458,2024-07-07,Phishing,Critical,Resolved,Targeting CPC Corporation Taiwan,edward,01:55:29
459,2024-07-10,DDoS,Low,Investigating,Targeting ATM networks worldwide,alice,23:16:20
460,2024-03-09,Phishing,Medium,Resolved,Targeting World Health Organization,fatima,13:28:36
461,2024-10-04,Malware,Low,Resolved,Global industrial phishing campaign,edward,09:04:11
462,2024-12-14,Unauthorized Access,Low,Open,Watering-hole Armenian government sites,henry,22:09:43
463,2024-09-03,Malware,Low,Resolved,BlackTech cyber espionage group,irene,15:13:40
464,2024-03-16,Malware,Medium,Investigating,Targeting New York Times journalist,henry,16:40:03
465,2024-06-02,Phishing,Medium,Closed,Global industrial phishing campaign,henry,06:39:59
466,2024-05-23,DDoS,Medium,Closed,Pioneer Kitten cyber operations,charlie,15:58:55
467,2024-03-26,Data Leak,Medium,Closed,Targeting German infrastructure owners,diana,12:53:19
468,2024-07-03,Phishing,Critical,Resolved,APT36 targeting South Asia,diana,17:03:48
469,2024-10-11,Data Leak,Medium,Closed,Targeting UK trade minister,edward,18:17:08
470,2024-08-07,Malware,Medium,Investigating,Targeting CPC Corporation Taiwan,irene,10:26:34
471,2024-03-09,Data Leak,Low,Open,Targeting US Israel Saudi,irene,10:02:32
472,2024-02-16,DDoS,High,Resolved,Targeting CPC Corporation Taiwan,alice,15:34:28
473,2024-04-03,Phishing,Medium,Open,Targeting World Health Organization,henry,18:57:15
474,2024-08-25,DDoS,Critical,Closed,Mitsubishi employees data stolen,alice,08:19:44
475,2024-07-22,DDoS,High,Investigating,Targeting WHO staff emails,bob,11:06:41
476,2024-08-05,Phishing,High,Resolved,Targeting US IT sectors,george,23:08:33
477,2024-12-06,DDoS,Low,Resolved,Pioneer Kitten cyber operations,henry,03:09:55
478,2024-02-08,Unauthorized Access,High,Resolved,Pirate Panda cyber campaign,alice,11:07:43
479,2024-04-09,Unauthorized Access,Low,Resolved,Targeting global financial institutions,charlie,14:48:02
480,2024-10-15,Unauthorized Access,High,Open,Targeting WHO staff emails,george,11:23:11
481,2024-09-10,Data Leak,Low,Resolved,APT36 targeting South Asia,irene,03:16:54
482,2024-08-09,DDoS,Low,Open,COVID Arabic targeting apps,henry,23:06:28
483,2024-12-22,Phishing,Low,Resolved,Infection Hong Kong universities,henry,02:53:36
484,2024-01-23,Phishing,Low,Closed,Targeting Australian government companies,irene,02:47:32
485,2024-09-06,Data Leak,Low,Investigating,BlackTech cyber espionage group,charlie,08:44:22
486,2024-01-10,Phishing,Low,Resolved,Targeting UN senior officials,henry,03:24:32
487,2024-09-02,Unauthorized Access,Medium,Resolved,Compromise of Bapco systems,alice,06:00:41
488,2024-11-20,DDoS,High,Open,Targeting UN senior officials,henry,20:56:47
489,2024-04-09,Phishing,Medium,Closed,Targeting US government employees,george,02:05:25
490,2024-10-16,Phishing,High,Resolved,Compromise of Bapco systems,henry,03:04:46
491,2024-06-28,Malware,Medium,Resolved,Catfishing of Israeli soldiers,alice,10:24:27
492,2024-08-10,Malware,Medium,Closed,Tonto Team malware distribution,fatima,20:10:34
493,2024-09-06,Malware,Low,Resolved,Spyware sent Jeff Bezos,george,17:56:38
494,2024-05-26,DDoS,Low,Closed,Catfishing of Israeli soldiers,edward,00:23:21
495,2024-04-05,Unauthorized Access,Medium,Closed,Targeting cryptocurrency businesses persistently,edward,15:26:12
496,2024-09-13,Unauthorized Access,Medium,Investigating,Compromise of Bapco systems,george,18:31:14
497,2024-11-20,Unauthorized Access,Low,Open,RedDelta cyber espionage,charlie,04:58:01
498,2024-01-04,DDoS,Medium,Closed,Pirate Panda cyber campaign,fatima,17:27:49
499,2024-01-16,DDoS,Low,Closed,Global industrial phishing campaign,george,18:07:28
500,2024-10-06,Malware,High,Open,Targeting US IT sectors,alice,18:45:03
501,2024-12-01,Phishing,Medium,Resolved,Targeting World Health Organization,bob,19:23:03
502,2024-09-03,Data Leak,Medium,Resolved,Targeting Azerbaijani government networks,diana,04:32:23
503,2024-09-14,Data Leak,Low,Investigating,Targeting US power grid,henry,14:45:45
504,2024-06-08,Phishing,Medium,Closed,Targeting Kuwait Saudi agencies,fatima,00:30:21
505,2024-12-05,Malware,High,Open,Targeting US Israel Saudi,alice,22:26:17
506,2024-05-31,Phishing,High,Closed,Targeting Taiwan‑focused entities,edward,06:55:27
507,2024-06-26,Phishing,Medium,Resolved,Targeting Taiwan‑focused entities,george,00:15:55
508,2024-06-11,Data Leak,Low,Resolved,Targeting Ukraine phishing emails,fatima,15:28:22
509,2024-02-02,Malware,Low,Resolved,Targeting ATM networks worldwide,irene,19:27:15
510,2024-06-27,DDoS,Medium,Resolved,Targeting World Health Organization,henry,12:33:47
511,2024-04-10,Data Leak,Medium,Closed,Targeting companies Central Asia,diana,08:53:31
512,2024-09-24,DDoS,Medium,Investigating,Targeting Exim email servers,edward,19:13:40
513,2024-11-18,Malware,Low,Investigating,Targeting COVID vaccine research,george,22:10:48
514,2024-03-05,Phishing,Low,Resolved,Spear‑phishing unnamed US agency,henry,01:32:31
515,2024-06-16,Unauthorized Access,Medium,Investigating,Spear‑phishing unnamed US agency,edward,22:06:49
516,2024-11-25,Unauthorized Access,Low,Resolved,Targeting US Israel Saudi,irene,16:20:05
517,2024-02-12,Malware,Medium,Resolved,Zirconium cyber espionage group,diana,06:08:09
518,2024-02-13,Unauthorized Access,Low,Resolved,Targeting Wuhan emergency ministry,diana,19:03:38
519,2024-10-11,DDoS,Low,Resolved,Targeting cryptocurrency businesses persistently,henry,08:11:40
520,2024-01-12,Unauthorized Access,Low,Resolved,Tonto Team malware distribution,alice,06:21:53
521,2024-04-04,Malware,Low,Investigating,Targeting German infrastructure owners,henry,02:44:06
522,2024-10-28,Malware,Medium,Resolved,Tonto Team malware distribution,edward,13:21:50
523,2024-09-09,DDoS,Low,Resolved,COVID operations targeting Australians,alice,04:51:14
524,2024-08-29,Unauthorized Access,Medium,Resolved,Targeting Israeli water facilities,diana,18:42:09
525,2024-02-04,Unauthorized Access,Medium,Closed,Targeting European aerospace defense,bob,12:51:46
526,2024-08-02,Phishing,Medium,Resolved,Disruption Shahid Rajaee Port,diana,01:51:12
527,2024-12-02,Data Leak,Low,Open,Targeting ATM networks worldwide,henry,15:23:27
528,2024-03-30,Malware,High,Resolved,Impersonation journalists compromise figures,edward,18:02:27
529,2024-09-20,Phishing,Medium,Investigating,Vicious Panda malware operation,alice,13:48:08
530,2024-04-02,Malware,Medium,Investigating,Targeting Kuwait Saudi agencies,george,06:12:25
531,2024-03-30,Phishing,Critical,Resolved,Targeting World Health Organization,alice,13:35:27
532,2024-04-24,Data Leak,High,Resolved,Targeting Wuhan emergency ministry,irene,04:07:21
533,2024-04-14,Phishing,Low,Resolved,Targeting European aerospace defense,charlie,12:18:16
534,2024-07-14,Malware,Low,Open,Targeting US companies agencies,charlie,09:05:37
535,2024-11-09,Unauthorized Access,Medium,Open,Compromise of Bapco systems,fatima,19:37:43
536,2024-04-23,Malware,Low,Investigating,Targeting World Health Organization,fatima,04:17:28
537,2024-03-15,DDoS,Low,Resolved,Storm Cloud cyber campaign,fatima,10:33:39
538,2024-08-04,DDoS,Medium,Resolved,Targeting Exim email servers,alice,10:53:33
539,2024-10-03,DDoS,Low,Resolved,Targeting World Health Organization,edward,17:35:24
540,2024-09-05,DDoS,Low,Investigating,Targeting Latvia Lithuania Poland,fatima,10:41:15
541,2024-06-12,Data Leak,Medium,Resolved,APT36 targeting South Asia,henry,09:38:21
542,2024-12-22,Unauthorized Access,High,Open,Targeting Australia Southeast Asia,alice,07:45:26
543,2024-07-10,Unauthorized Access,Low,Investigating,Targeting US government employees,edward,00:04:52
544,2024-08-14,Malware,Medium,Open,Targeting Vatican City networks,charlie,22:58:49
545,2024-06-25,Phishing,High,Resolved,Fake coronavirus health advisory,bob,20:42:39
546,2024-04-08,Malware,Medium,Closed,Pioneer Kitten cyber operations,henry,14:19:52
547,2024-02-05,Malware,Medium,Resolved,Breaches Japan firms disclosed,george,07:55:03
548,2024-04-05,Malware,Low,Investigating,Attacks Middle East Europe,george,11:05:53
549,2024-05-31,Malware,Medium,Closed,Tonto Team malware distribution,edward,23:24:35
550,2024-05-30,Unauthorized Access,Medium,Resolved,Penetration US federal agency,irene,18:46:11
551,2024-07-08,Phishing,Medium,Investigating,Penetration US federal agency,edward,01:17:23
552,2024-08-11,Malware,Medium,Closed,Targeting Exim email servers,bob,16:51:33
553,2024-02-06,Unauthorized Access,High,Closed,Pirate Panda cyber campaign,charlie,22:29:29
554,2024-09-24,Malware,Medium,Resolved,Ghostwriter disinformation operations,diana,17:46:38
555,2024-07-01,DDoS,Low,Resolved,Targeting Ukrainian government agencies,edward,02:05:36
556,2024-01-13,Malware,Critical,Resolved,APT36 targeting South Asia,charlie,12:57:08
557,2024-10-05,Malware,Medium,Open,Targeting Taiwanese government emails,george,00:12:52
558,2024-08-04,Data Leak,Medium,Resolved,Targeting Mongolian government lures,edward,22:24:38
559,2024-12-20,DDoS,Medium,Open,Pirate Panda cyber campaign,edward,16:45:39
560,2024-12-26,Phishing,Medium,Investigating,Targeting US IT sectors,fatima,11:57:43
561,2024-10-12,Malware,Medium,Closed,Targeting Poland War University,george,10:51:45
562,2024-09-29,Phishing,Low,Closed,Targeting US companies agencies,henry,12:53:05
563,2024-03-02,DDoS,Medium,Resolved,Catfishing of Israeli soldiers,irene,03:54:06
564,2024-03-24,Malware,Low,Resolved,Targeting World Health Organization,diana,00:11:15
565,2024-08-04,Data Leak,High,Resolved,Breaches Japan firms disclosed,edward,12:43:58
566,2024-12-07,Unauthorized Access,Low,Resolved,Mitsubishi employees data stolen,edward,06:46:40
567,2024-07-05,Data Leak,Medium,Investigating,Targeting Ukraine phishing emails,henry,14:38:19
568,2024-01-19,Data Leak,Low,Open,Attacks Middle East Europe,irene,12:54:29
569,2024-06-25,Unauthorized Access,Medium,Resolved,Targeting Wuhan emergency ministry,george,00:19:21
570,2024-04-09,Unauthorized Access,Medium,Resolved,COVID Arabic targeting apps,edward,03:41:22
571,2024-08-20,Unauthorized Access,High,Investigating,Impersonation journalists compromise figures,charlie,15:41:06
572,2024-03-16,Malware,Low,Closed,Zirconium cyber espionage group,alice,17:54:53
573,2024-09-21,Phishing,Medium,Resolved,Targeting UN senior officials,irene,07:11:32
574,2024-10-10,Phishing,Medium,Investigating,Targeting US Israel Saudi,edward,03:05:07
575,2024-07-24,Unauthorized Access,Low,Resolved,Attack on Israeli utilities,irene,19:15:49
576,2024-08-10,Data Leak,Medium,Open,Targeting Burisma corporate network,diana,18:43:32
577,2024-02-21,DDoS,Low,Closed,Targeting UK trade minister,edward,05:35:47
578,2024-12-04,Unauthorized Access,Medium,Resolved,Mitsubishi employees data stolen,diana,14:57:13
579,2024-05-23,Data Leak,Low,Closed,Targeting US political groups,bob,04:30:32
580,2024-03-09,Data Leak,Medium,Closed,Targeting Azerbaijani government networks,alice,17:44:46
581,2024-04-08,Malware,Medium,Resolved,Targeting World Health Organization,henry,00:15:05
582,2024-01-25,Malware,High,Open,Storm Cloud cyber campaign,diana,05:39:58
583,2024-02-22,Phishing,Low,Resolved,Spyware sent Jeff Bezos,edward,23:54:26
584,2024-05-30,Phishing,Medium,Closed,Attack on Israeli utilities,fatima,09:06:25
585,2024-05-23,DDoS,Medium,Resolved,Targeting cryptocurrency businesses persistently,henry,08:13:54
586,2024-02-26,DDoS,Low,Open,Targeting German infrastructure owners,henry,17:08:15
587,2024-02-08,DDoS,Critical,Closed,Targeting Taiwanese government emails,george,14:23:40
588,2024-04-18,DDoS,Low,Investigating,Targeting German infrastructure owners,diana,13:37:41
589,2024-06-29,Data Leak,Low,Resolved,Targeting Exim email servers,fatima,10:53:47
590,2024-02-11,Data Leak,Low,Closed,Impersonation journalists compromise figures,diana,13:16:15
591,2024-07-04,Phishing,Low,Investigating,Targeting South Asia telecom,george,15:35:43
592,2024-08-10,Malware,Medium,Open,Targeting World Health Organization,alice,06:37:58
593,2024-05-01,Malware,High,Closed,Attack on Israeli utilities,edward,19:31:50
594,2024-05-12,Unauthorized Access,Low,Resolved,Targeting Ukraine phishing emails,diana,09:48:41
595,2024-06-11,Data Leak,Medium,Closed,Targeting US Israel Saudi,george,03:57:26
596,2024-08-02,DDoS,High,Investigating,Targeting Ukrainian government agencies,irene,15:58:04
597,2024-08-08,DDoS,Low,Open,Targeting global financial institutions,edward,23:53:39
598,2024-08-22,Unauthorized Access,Medium,Resolved,Targeting UN senior officials,diana,15:59:47
599,2024-11-26,Malware,Low,Investigating,Watering-hole Armenian government sites,irene,05:53:31
600,2024-05-25,DDoS,Low,Resolved,Compromise of Bapco systems,edward,05:05:33
601,2024-08-26,Malware,Low,Resolved,Attack on Israeli utilities,irene,12:52:45
602,2024-03-16,Unauthorized Access,Low,Resolved,Penetration US federal agency,henry,15:48:00
603,2024-01-09,Malware,Low,Resolved,Targeting Taiwanese government emails,diana,00:12:41
604,2024-03-14,Malware,Low,Investigating,Storm Cloud cyber campaign,george,13:04:45
605,2024-09-09,Malware,Medium,Resolved,Fake coronavirus health advisory,edward,07:13:33
606,2024-08-17,DDoS,Medium,Resolved,Breaches Japan firms disclosed,diana,04:01:45
607,2024-01-07,Phishing,Low,Resolved,APT36 targeting South Asia,edward,06:54:06
608,2024-06-22,Data Leak,Low,Closed,COVID Arabic targeting apps,edward,10:22:22
609,2024-05-20,Malware,Medium,Closed,Catfishing of Israeli soldiers,irene,01:27:56
610,2024-06-16,Malware,Critical,Investigating,Attack on Israeli utilities,irene,04:52:01
611,2024-06-18,Malware,Medium,Investigating,Targeting German infrastructure owners,fatima,14:21:53
612,2024-10-09,Phishing,High,Open,Targeting COVID research orgs,diana,15:19:48
613,2024-05-01,Unauthorized Access,Low,Investigating,Targeting Australia Southeast Asia,bob,12:03:32
614,2024-07-12,DDoS,Low,Resolved,Targeting companies Central Asia,charlie,01:09:02
615,2024-01-05,Phishing,High,Closed,Targeting US government employees,bob,05:50:12
616,2024-01-29,Malware,Medium,Closed,Disruption Shahid Rajaee Port,edward,07:14:42
617,2024-06-13,Phishing,High,Resolved,Targeting Burisma corporate network,fatima,17:27:02
618,2024-12-04,Phishing,Low,Open,Targeting World Health Organization,edward,09:40:38
619,2024-05-15,Phishing,Medium,Resolved,Spear‑phishing unnamed US agency,bob,04:19:30
620,2024-12-30,Unauthorized Access,Medium,Open,Spyware sent Jeff Bezos,edward,15:19:53
621,2024-11-16,Data Leak,Medium,Investigating,Targeting US IT sectors,irene,17:48:23
622,2024-12-07,DDoS,High,Closed,BlackTech cyber espionage group,diana,20:01:45
623,2024-05-24,Unauthorized Access,Medium,Resolved,Targeting Australian government companies,bob,18:02:35
624,2024-11-22,Unauthorized Access,High,Resolved,Pirate Panda cyber campaign,charlie,04:38:23
625,2024-08-04,Data Leak,Medium,Resolved,Targeting Latvia Lithuania Poland,charlie,11:49:43
626,2024-10-27,Unauthorized Access,Critical,Investigating,Targeting Wuhan emergency ministry,irene,14:33:32
627,2024-05-11,Phishing,Medium,Resolved,Targeting South Asia telecom,diana,18:16:19
628,2024-10-18,Phishing,Low,Investigating,Attacks Middle East Europe,alice,14:09:27
629,2024-03-10,Malware,Low,Open,Targeting UK trade minister,alice,04:47:05
630,2024-09-08,Unauthorized Access,Low,Resolved,Targeting South Asia telecom,george,03:59:42
631,2024-10-01,Malware,Low,Closed,Targeting companies Central Asia,george,03:55:39
632,2024-12-29,DDoS,High,Open,Pioneer Kitten cyber operations,bob,00:46:12
633,2024-06-30,Phishing,High,Resolved,Impersonation journalists compromise figures,irene,04:35:31
634,2024-06-15,DDoS,Medium,Closed,Tonto Team malware distribution,irene,05:39:47
635,2024-03-31,Data Leak,Low,Closed,Tracking Saudi citizens US,edward,12:31:44
636,2024-07-20,Phishing,Low,Resolved,Attack on Israeli utilities,charlie,18:12:16
637,2024-12-11,DDoS,Critical,Open,Targeting Israeli water facilities,charlie,00:29:48
638,2024-01-19,Data Leak,Medium,Closed,Storm Cloud cyber campaign,charlie,08:36:39
639,2024-02-08,DDoS,High,Resolved,COVID Arabic targeting apps,fatima,01:53:40
640,2024-05-05,Data Leak,Low,Resolved,Tonto Team malware distribution,diana,12:27:25
641,2024-06-21,Data Leak,Medium,Open,Targeting global financial institutions,henry,15:38:37
642,2024-05-20,Phishing,High,Resolved,Targeting cryptocurrency businesses persistently,edward,21:44:21
643,2024-08-29,Malware,Medium,Investigating,Targeting US agency networks,alice,00:17:32
644,2024-08-07,Data Leak,Medium,Resolved,Targeting US government employees,irene,15:48:48
645,2024-05-05,Data Leak,Low,Resolved,Targeting US agency networks,alice,17:28:59
646,2024-02-27,Phishing,Critical,Resolved,Targeting UK trade minister,fatima,10:32:20
647,2024-05-27,Malware,Low,Resolved,Targeting US defense contractors,alice,10:16:31
648,2024-11-12,Unauthorized Access,Medium,Resolved,Targeting Hong Kong mobile malware,charlie,17:41:31
649,2024-12-26,Unauthorized Access,Low,Closed,Targeting US power grid,edward,03:00:28
650,2024-01-01,Malware,Low,Resolved,Targeting US power grid,george,15:37:03
651,2024-12-13,DDoS,High,Investigating,Targeting ATM networks worldwide,henry,09:01:12
652,2024-07-08,Phishing,High,Resolved,Targeting COVID research orgs,irene,22:29:11
653,2024-07-09,Malware,Low,Investigating,Targeting Wuhan emergency ministry,fatima,05:33:07
654,2024-11-07,Unauthorized Access,High,Open,Targeting New York Times journalist,irene,18:36:49
655,2024-04-26,Data Leak,Low,Closed,Targeting Azerbaijani government networks,henry,06:48:12
656,2024-05-13,Unauthorized Access,Low,Closed,Targeting US defense contractors,irene,09:04:58
657,2024-02-27,Data Leak,Low,Resolved,Targeting South Asia telecom,diana,10:14:09
658,2024-02-13,Phishing,Medium,Resolved,Tonto Team malware distribution,irene,04:11:15
659,2024-06-21,Data Leak,Medium,Resolved,Targeting companies Central Asia,george,09:35:41
660,2024-06-08,Malware,Medium,Resolved,Disruption Shahid Rajaee Port,edward,09:00:21
661,2024-06-21,Data Leak,Critical,Closed,Targeting COVID vaccine research,edward,15:37:30
662,2024-11-12,DDoS,Low,Investigating,Breaches Japan firms disclosed,alice,07:13:26
663,2024-10-29,Malware,Low,Investigating,Targeting Kuwait Saudi agencies,bob,17:15:14
664,2024-05-28,Phishing,Medium,Closed,Targeting World Health Organization,charlie,03:45:08
665,2024-03-20,Malware,Low,Resolved,Targeting Australia Southeast Asia,henry,18:17:21
666,2024-07-31,DDoS,High,Closed,Targeting Vatican City networks,fatima,22:14:58
667,2024-07-21,Phishing,Medium,Resolved,Attack on Austrian ministry,edward,06:35:48
668,2024-09-08,Unauthorized Access,Low,Investigating,Targeting Japan Russia Korea,alice,06:52:09
669,2024-08-16,DDoS,Low,Resolved,Targeting US companies agencies,irene,21:31:29
670,2024-06-12,Phishing,Medium,Resolved,COVID Arabic targeting apps,charlie,22:53:52
671,2024-08-14,Data Leak,Low,Open,Tracking Saudi citizens US,charlie,23:06:02
672,2024-05-26,Malware,Medium,Resolved,Targeting Azerbaijani government networks,bob,05:24:53
673,2024-01-20,Phishing,Medium,Resolved,Targeting Ukrainian government agencies,diana,08:21:05
674,2024-02-16,Malware,Medium,Closed,Targeting Australia Southeast Asia,bob,04:23:09
675,2024-08-20,Data Leak,Low,Open,Targeting South Asia telecom,irene,04:49:00
676,2024-10-31,Phishing,High,Resolved,Pioneer Kitten cyber operations,george,14:36:36
677,2024-01-14,Unauthorized Access,Medium,Investigating,Targeting US power grid,henry,01:23:48
678,2024-05-22,DDoS,Medium,Closed,RedDelta cyber espionage,charlie,09:58:15
679,2024-01-01,Phishing,Low,Investigating,Targeting Poland War University,fatima,06:59:49
680,2024-02-23,Data Leak,Medium,Closed,Targeting US agency networks,fatima,05:19:23
681,2024-09-15,Phishing,Medium,Resolved,Targeting US Israel Saudi,alice,15:31:16
682,2024-05-23,Malware,High,Resolved,Targeting UN senior officials,fatima,00:38:34
683,2024-01-12,Phishing,Medium,Resolved,Spear‑phishing unnamed US agency,charlie,22:26:41
684,2024-11-25,Unauthorized Access,Low,Open,Attacks Middle East Europe,charlie,07:16:07
685,2024-08-11,Phishing,Medium,Investigating,Targeting Vatican City networks,charlie,03:18:39
686,2024-09-28,DDoS,Low,Closed,Targeting Israeli water facilities,henry,01:51:18
687,2024-12-23,Phishing,High,Resolved,Targeting Iranian expats dissidents,edward,13:50:53
688,2024-06-04,Malware,Low,Open,Targeting Israel Middle East,diana,14:49:45
689,2024-01-08,Phishing,Medium,Resolved,Targeting Taiwan‑focused entities,irene,19:06:49
690,2024-05-01,Unauthorized Access,High,Closed,Targeting US Israel Saudi,irene,11:09:26
691,2024-12-13,Data Leak,Medium,Investigating,Disruption Shahid Rajaee Port,alice,23:03:29
692,2024-06-12,Phishing,Low,Investigating,Global industrial phishing campaign,bob,08:25:33
693,2024-03-30,Phishing,Low,Resolved,Targeting Wuhan emergency ministry,henry,08:04:28
694,2024-05-15,DDoS,Medium,Resolved,Disruption Shahid Rajaee Port,edward,12:14:23
695,2024-07-04,Unauthorized Access,Low,Closed,Targeting Taiwanese government emails,george,15:30:46
696,2024-11-11,Data Leak,High,Investigating,Targeting World Health Organization,alice,17:26:49
697,2024-06-26,Malware,Critical,Resolved,Catfishing of Israeli soldiers,edward,02:14:01
698,2024-01-28,Phishing,Medium,Closed,Global industrial phishing campaign,charlie,18:33:48
699,2024-08-07,Data Leak,Medium,Resolved,Targeting Australia Southeast Asia,bob,15:32:57
700,2024-12-22,Malware,Low,Resolved,Attacks Middle East Europe,bob,23:26:33
701,2024-02-10,Unauthorized Access,Medium,Resolved,Targeting global financial institutions,irene,01:52:50
702,2024-08-15,Unauthorized Access,Critical,Investigating,Targeting US government employees,diana,11:04:43
703,2024-07-10,Data Leak,Medium,Closed,Targeting cryptocurrency businesses persistently,diana,04:00:25
704,2024-05-24,Malware,Critical,Resolved,Compromise of Bapco systems,george,09:48:10
705,2024-07-19,Unauthorized Access,High,Investigating,Targeting New York Times journalist,bob,13:14:14
706,2024-07-30,Data Leak,Medium,Investigating,Spyware sent Jeff Bezos,charlie,10:12:53
707,2024-08-07,Unauthorized Access,Medium,Open,Catfishing of Israeli soldiers,charlie,12:46:49
708,2024-08-27,Unauthorized Access,Medium,Resolved,Fake coronavirus health advisory,fatima,15:13:17
709,2024-02-15,Unauthorized Access,Medium,Closed,Watering-hole Armenian government sites,charlie,08:59:30
710,2024-02-04,DDoS,High,Closed,Mitsubishi employees data stolen,edward,11:38:42
711,2024-09-09,Malware,High,Closed,Tonto Team malware distribution,diana,01:43:53
712,2024-03-22,Data Leak,Medium,Investigating,Disruption Shahid Rajaee Port,charlie,06:37:02
713,2024-09-12,Data Leak,High,Resolved,Penetration US federal agency,henry,01:29:19
714,2024-07-15,Malware,Medium,Open,Targeting COVID vaccine research,charlie,00:01:10
715,2024-10-29,Malware,High,Closed,Disruption Shahid Rajaee Port,fatima,01:53:52
716,2024-01-10,Malware,Medium,Resolved,Targeting US defense contractors,george,11:42:37
717,2024-11-07,Malware,High,Investigating,Targeting CPC Corporation Taiwan,george,07:43:04
718,2024-10-12,Phishing,High,Resolved,Targeting US companies agencies,bob,10:23:17
719,2024-08-29,Data Leak,Medium,Resolved,Storm Cloud cyber campaign,charlie,17:11:13
720,2024-09-07,Phishing,Low,Investigating,BlackTech cyber espionage group,diana,10:12:01
721,2024-12-30,Unauthorized Access,High,Closed,Targeting Ukraine phishing emails,george,22:04:58
722,2024-01-05,Unauthorized Access,Medium,Closed,Australian Signals Directorate operation,bob,03:40:07
723,2024-04-28,Data Leak,Low,Resolved,Targeting US political groups,charlie,15:41:19
724,2024-10-15,Unauthorized Access,Medium,Resolved,Targeting ATM networks worldwide,george,06:43:47
725,2024-03-05,Malware,Low,Closed,Targeting Israeli water facilities,george,09:11:04
726,2024-05-25,Phishing,High,Open,Targeting COVID research orgs,charlie,17:53:13
727,2024-08-11,Malware,Low,Resolved,Targeting Wuhan emergency ministry,alice,13:14:15
728,2024-08-26,Unauthorized Access,Medium,Investigating,Targeting Exim email servers,charlie,12:10:15
729,2024-06-25,Phishing,Medium,Resolved,Targeting US agency networks,edward,11:04:52
730,2024-09-23,Malware,Low,Open,Ghostwriter disinformation operations,george,04:03:38
731,2024-12-06,Data Leak,Medium,Investigating,Targeting global financial institutions,diana,03:31:39
732,2024-10-08,Malware,Medium,Investigating,Targeting Tibet watering-hole attacks,alice,00:29:50
733,2024-03-03,Unauthorized Access,Low,Resolved,Targeting WHO staff emails,fatima,20:05:21
734,2024-08-04,Phishing,Medium,Closed,Targeting Azerbaijani government networks,bob,04:44:39
735,2024-12-07,Data Leak,High,Resolved,Targeting WHO staff emails,charlie,12:03:32
736,2024-11-10,Phishing,Medium,Resolved,Australian Signals Directorate operation,diana,13:07:40
737,2024-10-09,Data Leak,High,Resolved,BlackTech cyber espionage group,fatima,13:09:27
738,2024-06-25,Phishing,Low,Open,Breaches Japan firms disclosed,fatima,21:26:29
739,2024-04-07,Unauthorized Access,Low,Resolved,Targeting Taiwanese government emails,george,19:15:19
740,2024-04-14,Data Leak,Medium,Closed,Pioneer Kitten cyber operations,edward,22:01:01
741,2024-04-08,DDoS,Medium,Resolved,Targeting US companies agencies,george,13:31:45
742,2024-11-06,Phishing,Critical,Open,Zirconium cyber espionage group,bob,08:40:28
743,2024-01-06,Phishing,Critical,Closed,Targeting Kuwait Saudi agencies,alice,23:40:29
744,2024-07-15,Malware,Low,Investigating,Targeting US IT sectors,henry,10:02:48
745,2024-12-16,Data Leak,High,Open,Targeting global financial institutions,alice,07:38:49
746,2024-05-12,DDoS,Medium,Closed,Targeting UK trade minister,bob,21:16:28
747,2024-12-23,Unauthorized Access,Low,Resolved,Targeting European aerospace defense,fatima,13:58:58
748,2024-09-15,Malware,Low,Resolved,Catfishing of Israeli soldiers,alice,03:10:33
749,2024-01-23,DDoS,Medium,Closed,Targeting German infrastructure owners,charlie,03:52:21
750,2024-02-22,Data Leak,Medium,Closed,Targeting Israel Middle East,george,04:45:02
751,2024-06-13,DDoS,Medium,Closed,Spyware sent Jeff Bezos,henry,22:55:17
752,2024-07-20,Phishing,Low,Open,Targeting Israeli water facilities,diana,21:54:43
753,2024-03-23,Phishing,Medium,Investigating,Penetration US federal agency,charlie,04:22:55
754,2024-05-24,Malware,Medium,Resolved,Targeting US power grid,alice,01:29:39
755,2024-03-25,Data Leak,Critical,Closed,Targeting Israel Middle East,irene,21:21:21
756,2024-03-18,Data Leak,High,Resolved,Impersonation journalists compromise figures,fatima,23:49:27
757,2024-12-31,DDoS,Medium,Open,Vicious Panda malware operation,fatima,06:56:00
758,2024-01-01,Malware,Low,Investigating,Targeting Taiwan‑focused entities,irene,07:01:27
759,2024-02-20,Data Leak,Low,Closed,Attack on Austrian ministry,alice,16:13:47
760,2024-06-21,Phishing,Low,Investigating,Targeting cryptocurrency businesses persistently,fatima,03:35:28
761,2024-07-23,DDoS,Medium,Resolved,Storm Cloud cyber campaign,edward,02:43:34
762,2024-09-16,Unauthorized Access,Low,Open,Targeting US IT sectors,fatima,19:54:01
763,2024-10-14,Phishing,Low,Open,Pirate Panda cyber campaign,henry,22:32:14
764,2024-02-03,Malware,Medium,Closed,Impersonation journalists compromise figures,edward,12:29:04
765,2024-12-13,Data Leak,Medium,Investigating,COVID Arabic targeting apps,bob,10:58:35
766,2024-04-04,Phishing,Medium,Resolved,Targeting Poland War University,bob,17:15:54
767,2024-03-12,Unauthorized Access,Low,Resolved,Tracking Saudi citizens US,edward,07:21:16
768,2024-02-08,Unauthorized Access,Medium,Closed,Zirconium cyber espionage group,charlie,19:25:34
769,2024-06-02,Malware,Low,Resolved,Impersonation journalists compromise figures,charlie,05:35:42
770,2024-09-06,Phishing,High,Resolved,Targeting US companies agencies,henry,01:35:42
771,2024-06-10,DDoS,Low,Closed,Targeting COVID research orgs,george,04:39:15
772,2024-04-27,Phishing,Medium,Investigating,Targeting Ukrainian government agencies,alice,06:58:47
773,2024-09-15,Unauthorized Access,Low,Closed,Targeting World Health Organization,edward,15:13:35
774,2024-11-01,Malware,Medium,Open,Targeting Mongolian government lures,irene,20:02:34
775,2024-09-24,Malware,Low,Resolved,Breaches Japan firms disclosed,diana,09:11:39
776,2024-02-23,DDoS,Medium,Resolved,Targeting companies Central Asia,alice,20:24:05
777,2024-08-23,Malware,Medium,Closed,Targeting Exim email servers,henry,12:38:46
778,2024-08-09,Malware,Medium,Investigating,COVID operations targeting Australians,edward,13:19:33
779,2024-09-07,Malware,Medium,Resolved,Spyware sent Jeff Bezos,bob,16:19:43
780,2024-11-08,Malware,Medium,Closed,Australian Signals Directorate operation,alice,22:55:57
781,2024-04-21,Malware,Medium,Resolved,Targeting Australia Southeast Asia,charlie,04:16:31
782,2024-09-11,Unauthorized Access,Low,Resolved,Targeting Taiwanese government emails,irene,15:52:43
783,2024-10-29,Phishing,Medium,Investigating,Infection Hong Kong universities,alice,02:27:54
784,2024-07-25,Data Leak,Medium,Resolved,Spear‑phishing unnamed US agency,diana,17:34:44
785,2024-08-16,Malware,Medium,Open,Attacks Middle East Europe,henry,15:15:19
786,2024-12-06,Data Leak,Medium,Open,Breaches Japan firms disclosed,henry,19:04:10
787,2024-03-06,Data Leak,Low,Resolved,Targeting Poland War University,henry,18:20:43
788,2024-03-15,Unauthorized Access,Medium,Resolved,COVID operations targeting Australians,henry,00:47:47
789,2024-04-12,Malware,Low,Closed,Targeting US power grid,diana,06:04:40
790,2024-07-10,Data Leak,High,Closed,Targeting CPC Corporation Taiwan,henry,21:48:52
791,2024-09-08,Malware,High,Resolved,Targeting US companies agencies,irene,09:58:53
792,2024-08-13,DDoS,Low,Closed,Targeting Kuwait Saudi agencies,george,04:41:39
793,2024-10-20,DDoS,Medium,Resolved,Targeting US power grid,bob,10:32:45
794,2024-11-01,DDoS,High,Open,Watering-hole Armenian government sites,irene,01:39:16
795,2024-04-07,Data Leak,Medium,Closed,Penetration US federal agency,henry,20:36:49
796,2024-12-03,DDoS,Low,Open,Targeting Wuhan emergency ministry,edward,02:12:48
797,2024-10-12,Unauthorized Access,Medium,Investigating,Attacks Middle East Europe,charlie,06:55:28
798,2024-11-30,Unauthorized Access,Medium,Resolved,Targeting US agency networks,george,14:28:20
799,2024-12-12,Data Leak,Medium,Investigating,Targeting Tibet watering-hole attacks,bob,18:01:24
800,2024-11-03,Malware,Medium,Resolved,Targeting COVID research orgs,charlie,19:23:11
801,2024-09-05,Phishing,Low,Investigating,Targeting WHO staff emails,irene,18:41:43
802,2024-06-14,Malware,High,Resolved,COVID Arabic targeting apps,diana,02:43:48
803,2024-11-30,Malware,Medium,Open,Targeting US IT sectors,diana,06:01:34
804,2024-01-30,Malware,Low,Resolved,Targeting US IT sectors,charlie,15:56:16
805,2024-09-03,Malware,High,Resolved,Disruption Shahid Rajaee Port,edward,18:32:32
806,2024-04-15,Phishing,Medium,Resolved,Targeting South Asia telecom,charlie,13:59:11
807,2024-02-20,DDoS,Medium,Resolved,Targeting Australian government companies,irene,20:28:47
808,2024-03-21,Malware,Medium,Open,Catfishing of Israeli soldiers,charlie,14:12:30
809,2024-05-12,Unauthorized Access,Medium,Investigating,Targeting World Health Organization,bob,14:35:40
810,2024-10-11,Data Leak,Medium,Resolved,Targeting Iranian expats dissidents,edward,22:06:29
811,2024-05-17,Data Leak,Medium,Closed,Watering-hole Armenian government sites,fatima,09:53:05
812,2024-07-02,Unauthorized Access,Medium,Resolved,Attacks Middle East Europe,alice,07:32:02
813,2024-11-25,Malware,Medium,Investigating,Targeting Ukrainian government agencies,fatima,06:42:05
814,2024-09-29,Phishing,High,Closed,Targeting World Health Organization,charlie,00:07:51
815,2024-12-05,DDoS,Medium,Investigating,Disruption Shahid Rajaee Port,diana,05:49:31
816,2024-03-09,Data Leak,Low,Closed,Targeting US political groups,fatima,20:49:19
817,2024-02-03,DDoS,Medium,Closed,Targeting US defense contractors,henry,07:55:48
818,2024-09-18,Phishing,Low,Investigating,Pioneer Kitten cyber operations,irene,21:33:29
819,2024-02-22,Data Leak,Medium,Resolved,Infection Hong Kong universities,fatima,00:19:21
820,2024-07-23,DDoS,Low,Open,Targeting US government employees,george,18:40:13
821,2024-05-05,Phishing,Low,Closed,Targeting Ukraine phishing emails,edward,16:34:55
822,2024-08-22,DDoS,High,Closed,Targeting Australia Southeast Asia,irene,18:20:36
823,2024-02-12,Malware,Medium,Closed,Targeting European aerospace defense,diana,19:07:02
824,2024-08-27,Phishing,Medium,Open,Targeting World Health Organization,fatima,09:25:25
825,2024-04-20,DDoS,Medium,Resolved,Attacks Middle East Europe,edward,11:02:48
826,2024-09-05,Malware,High,Investigating,Targeting Hong Kong mobile malware,alice,08:01:19
827,2024-05-30,Malware,Low,Open,Catfishing of Israeli soldiers,edward,10:47:24
828,2024-07-01,Phishing,Critical,Resolved,Targeting South Asia telecom,edward,09:46:34
829,2024-12-01,Unauthorized Access,Medium,Closed,Targeting global financial institutions,irene,20:06:11
830,2024-04-04,Data Leak,Medium,Closed,Targeting Australian government companies,alice,04:20:11
831,2024-01-08,Phishing,High,Closed,Targeting Latvia Lithuania Poland,edward,06:13:47
832,2024-12-25,Malware,Low,Open,Targeting WHO staff emails,george,08:09:10
833,2024-07-02,Malware,Low,Resolved,Targeting European aerospace defense,fatima,01:39:38
834,2024-10-07,Phishing,Medium,Investigating,Targeting UN senior officials,fatima,19:25:35
835,2024-07-13,Unauthorized Access,Medium,Resolved,Targeting UN senior officials,george,08:40:23
836,2024-12-17,Data Leak,High,Resolved,Impersonation journalists compromise figures,fatima,10:37:32
837,2024-07-13,DDoS,Low,Resolved,Targeting US companies agencies,edward,01:25:23
838,2024-06-03,Phishing,High,Resolved,BlackTech cyber espionage group,edward,23:17:15
839,2024-04-02,Data Leak,Medium,Open,Targeting COVID vaccine research,irene,05:23:36
840,2024-06-08,Data Leak,Low,Resolved,Targeting cryptocurrency businesses persistently,henry,10:06:46
841,2024-03-01,Malware,High,Resolved,Targeting global financial institutions,diana,04:50:28
842,2024-05-01,DDoS,Low,Investigating,Targeting Azerbaijani government networks,diana,09:50:46
843,2024-02-20,Phishing,Critical,Resolved,Attacks Middle East Europe,edward,01:52:32
844,2024-10-03,Malware,Low,Closed,Targeting WHO staff emails,charlie,23:23:22
845,2024-01-05,Malware,High,Resolved,Targeting Iranian expats dissidents,henry,09:03:57
846,2024-04-01,Unauthorized Access,Medium,Investigating,Compromise of Bapco systems,george,07:38:41
847,2024-06-18,Data Leak,Medium,Resolved,Spyware sent Jeff Bezos,edward,19:27:50
848,2024-11-12,Phishing,Low,Investigating,Targeting Taiwan‑focused entities,charlie,04:13:48
849,2024-01-22,Phishing,Medium,Resolved,Targeting Australia Southeast Asia,edward,00:03:03
850,2024-11-21,Phishing,High,Investigating,Tracking Saudi citizens US,charlie,23:36:59
851,2024-01-01,Malware,Medium,Resolved,Targeting Exim email servers,edward,12:39:02
852,2024-05-12,Unauthorized Access,Medium,Resolved,Targeting European aerospace defense,alice,23:02:07
853,2024-08-20,DDoS,Medium,Resolved,Targeting US government employees,fatima,22:01:59
854,2024-01-12,Malware,Low,Resolved,Targeting Burisma corporate network,diana,13:26:20
855,2024-12-11,DDoS,Medium,Resolved,Breaches Japan firms disclosed,diana,11:49:00
856,2024-02-15,Unauthorized Access,Medium,Resolved,Attack on Israeli utilities,henry,03:01:51
857,2024-02-03,Data Leak,Critical,Investigating,Targeting World Health Organization,bob,19:59:54
858,2024-03-18,Phishing,Medium,Resolved,Attack on Austrian ministry,diana,09:36:48
859,2024-08-05,DDoS,Medium,Resolved,Targeting Azerbaijani government networks,bob,04:51:52
860,2024-10-27,Malware,Medium,Closed,Targeting Wuhan emergency ministry,alice,14:52:02
861,2024-03-13,DDoS,High,Closed,Targeting Kuwait Saudi agencies,charlie,22:15:48
862,2024-10-08,Data Leak,Medium,Closed,Zirconium cyber espionage group,henry,10:44:12
863,2024-09-05,Phishing,Low,Closed,Targeting COVID vaccine research,fatima,11:49:10
864,2024-02-16,DDoS,Medium,Resolved,Targeting Japan Russia Korea,george,02:05:05
865,2024-04-30,Data Leak,Medium,Resolved,Targeting US agency networks,bob,22:47:25
866,2024-08-01,Malware,Low,Resolved,Targeting Iranian expats dissidents,fatima,00:22:44
867,2024-08-26,Unauthorized Access,Low,Closed,Targeting US political groups,henry,12:56:33
868,2024-02-25,Malware,Medium,Closed,Targeting US agency networks,henry,07:59:01
869,2024-12-15,Phishing,Medium,Open,Targeting Azerbaijani government networks,diana,10:10:59
870,2024-04-16,Malware,Low,Closed,Targeting South Asia telecom,fatima,06:26:05
871,2024-11-14,Malware,Critical,Open,Targeting COVID vaccine research,edward,09:19:12
872,2024-02-17,Malware,Medium,Resolved,Penetration US federal agency,irene,00:34:09
873,2024-03-01,Malware,High,Resolved,Targeting Azerbaijani government networks,henry,19:33:56
874,2024-12-02,Phishing,Medium,Investigating,Targeting cryptocurrency businesses persistently,bob,23:55:55
875,2024-01-26,Data Leak,Medium,Closed,Impersonation journalists compromise figures,george,21:14:09
876,2024-10-18,DDoS,Low,Investigating,Targeting Vatican City networks,george,03:52:31
877,2024-09-13,Unauthorized Access,High,Open,Targeting companies Central Asia,alice,13:54:27
878,2024-01-08,DDoS,Medium,Resolved,Disruption Shahid Rajaee Port,alice,23:48:18
879,2024-04-22,DDoS,Medium,Closed,Storm Cloud cyber campaign,diana,09:22:10
880,2024-12-20,Unauthorized Access,Medium,Open,Targeting Poland War University,edward,22:48:01
881,2024-09-09,Phishing,Low,Investigating,Targeting UK trade minister,diana,23:05:39
882,2024-06-28,Unauthorized Access,Medium,Resolved,Targeting US defense contractors,george,22:00:12
883,2024-07-25,Phishing,Low,Resolved,Ghostwriter disinformation operations,charlie,20:03:24
884,2024-10-29,DDoS,Medium,Investigating,COVID Arabic targeting apps,george,07:30:21
885,2024-05-06,Phishing,Medium,Closed,Targeting Wuhan emergency ministry,henry,16:05:58
886,2024-02-25,Data Leak,Low,Investigating,Attacks Middle East Europe,fatima,08:01:59
887,2024-08-01,Unauthorized Access,Medium,Resolved,Disruption Shahid Rajaee Port,fatima,11:48:21
888,2024-01-14,Data Leak,High,Resolved,Targeting companies Central Asia,henry,09:47:11
889,2024-01-28,DDoS,Low,Resolved,Tracking Saudi citizens US,henry,07:25:28
890,2024-03-18,Unauthorized Access,Medium,Resolved,Tracking Saudi citizens US,george,21:10:39
891,2024-08-03,DDoS,Low,Resolved,Ghostwriter disinformation operations,fatima,22:55:49
892,2024-12-30,Data Leak,Low,Resolved,COVID operations targeting Australians,fatima,14:23:54
893,2024-06-02,DDoS,Medium,Closed,COVID operations targeting Australians,fatima,05:40:00
894,2024-01-14,Unauthorized Access,Medium,Resolved,Targeting Israel Middle East,henry,16:14:25
895,2024-07-05,Unauthorized Access,Medium,Resolved,Targeting WHO staff emails,alice,08:26:12
896,2024-11-07,DDoS,Medium,Resolved,Targeting Japan Russia Korea,edward,15:47:52
897,2024-01-07,Unauthorized Access,Low,Closed,Targeting Tibet watering-hole attacks,charlie,13:25:18
898,2024-01-03,Unauthorized Access,Low,Resolved,Targeting US government employees,henry,05:24:02
899,2024-04-20,DDoS,Medium,Closed,Targeting German infrastructure owners,fatima,17:26:24
900,2024-08-25,Data Leak,Critical,Resolved,Attack on Israeli utilities,bob,03:24:40
901,2024-12-28,Unauthorized Access,Medium,Open,Targeting Hong Kong mobile malware,george,18:03:26
902,2024-08-26,Unauthorized Access,Medium,Investigating,Targeting Australia Southeast Asia,george,06:36:31
903,2024-09-30,Unauthorized Access,Low,Investigating,Targeting European aerospace defense,edward,16:43:33
904,2024-10-20,Unauthorized Access,High,Resolved,Penetration US federal agency,henry,06:44:11
905,2024-08-14,DDoS,Low,Investigating,Targeting Vatican City networks,edward,06:24:43
906,2024-01-15,Data Leak,Medium,Investigating,Targeting Burisma corporate network,alice,06:52:34
907,2024-07-10,Data Leak,Low,Investigating,Breaches Japan firms disclosed,irene,20:44:26
908,2024-04-28,Phishing,Medium,Resolved,COVID Arabic targeting apps,diana,17:51:33
909,2024-01-28,Unauthorized Access,Medium,Closed,Targeting US companies agencies,bob,06:34:06
910,2024-07-20,Unauthorized Access,Medium,Investigating,Vicious Panda malware operation,diana,23:34:37
911,2024-02-08,Phishing,Low,Open,COVID Arabic targeting apps,irene,10:16:08
912,2024-09-29,Data Leak,Medium,Investigating,Targeting US government employees,bob,00:45:58
913,2024-08-18,Malware,Medium,Closed,Targeting European aerospace defense,diana,11:17:33
914,2024-03-26,Malware,Medium,Resolved,Pioneer Kitten cyber operations,bob,05:55:54
915,2024-05-05,Data Leak,High,Resolved,Targeting global financial institutions,edward,06:28:15
916,2024-10-26,Unauthorized Access,Medium,Open,Targeting UN senior officials,charlie,14:21:08
917,2024-01-25,Malware,Low,Closed,Targeting Israel Middle East,bob,22:07:48
918,2024-05-24,DDoS,Critical,Resolved,COVID operations targeting Australians,irene,06:50:21
919,2024-01-13,DDoS,Medium,Resolved,Targeting Kuwait Saudi agencies,edward,02:31:43
920,2024-07-30,Phishing,Medium,Investigating,Targeting Japan Russia Korea,edward,05:13:31
921,2024-01-25,Data Leak,Medium,Resolved,Australian Signals Directorate operation,alice,02:37:23
922,2024-03-08,Data Leak,High,Closed,Global industrial phishing campaign,fatima,15:31:28
923,2024-03-07,Malware,Medium,Closed,Tracking Saudi citizens US,george,08:55:45
924,2024-08-20,Unauthorized Access,High,Resolved,Targeting ATM networks worldwide,alice,16:34:00
925,2024-04-18,Data Leak,High,Closed,Targeting Hong Kong mobile malware,irene,23:29:17
926,2024-05-25,Malware,Low,Investigating,Spyware sent Jeff Bezos,henry,14:39:17
927,2024-04-20,Malware,Medium,Resolved,Targeting cryptocurrency businesses persistently,henry,03:38:57
928,2024-08-15,Data Leak,Low,Resolved,Catfishing of Israeli soldiers,george,19:10:45
929,2024-04-20,Malware,Critical,Resolved,Attack on Austrian ministry,edward,04:59:55
930,2024-02-03,Phishing,Medium,Closed,Targeting Vatican City networks,charlie,00:25:45
931,2024-04-20,Phishing,High,Resolved,Targeting Japan Russia Korea,irene,21:57:54
932,2024-09-20,Data Leak,Medium,Investigating,Targeting Exim email servers,george,03:37:51
933,2024-08-23,Unauthorized Access,Low,Resolved,Targeting US companies agencies,henry,13:45:28
934,2024-03-23,Phishing,Low,Resolved,Breaches Japan firms disclosed,fatima,13:58:50
935,2024-02-11,Phishing,Critical,Closed,Targeting Japan Russia Korea,edward,00:45:15
936,2024-04-10,Data Leak,Medium,Investigating,Vicious Panda malware operation,henry,04:00:22
937,2024-01-06,DDoS,Medium,Closed,Targeting Japan Russia Korea,charlie,00:29:36
938,2024-06-28,Malware,High,Resolved,Disruption Shahid Rajaee Port,george,23:27:53
939,2024-10-08,Phishing,High,Resolved,Targeting Israel Middle East,bob,01:35:33
940,2024-11-15,DDoS,Low,Closed,Disruption Shahid Rajaee Port,charlie,04:48:44
941,2024-08-13,Unauthorized Access,Low,Resolved,Catfishing of Israeli soldiers,bob,09:02:30
942,2024-11-10,DDoS,Low,Open,Attacks Middle East Europe,edward,03:02:37
943,2024-12-30,Data Leak,Low,Resolved,Targeting US Israel Saudi,george,09:44:42
944,2024-08-16,Unauthorized Access,Medium,Open,Zirconium cyber espionage group,alice,05:11:35
945,2024-10-15,Unauthorized Access,Medium,Open,Spyware sent Jeff Bezos,irene,22:50:32
946,2024-05-29,DDoS,High,Resolved,Targeting Exim email servers,alice,21:49:55
947,2024-10-03,Data Leak,High,Closed,Global industrial phishing campaign,alice,00:29:29
948,2024-07-16,Phishing,Medium,Investigating,Targeting Burisma corporate network,henry,00:20:31
949,2024-03-10,DDoS,Low,Closed,Targeting New York Times journalist,fatima,03:52:18
950,2024-04-21,Phishing,Low,Resolved,Watering-hole Armenian government sites,fatima,19:44:49
951,2024-01-04,DDoS,Low,Closed,RedDelta cyber espionage,irene,12:19:13
952,2024-12-15,Phishing,Low,Investigating,Tonto Team malware distribution,diana,03:05:36
953,2024-11-26,DDoS,Low,Investigating,Targeting Israel Middle East,henry,07:21:58
954,2024-11-13,Unauthorized Access,High,Open,Mitsubishi employees data stolen,diana,05:04:09
955,2024-12-15,Malware,Low,Investigating,Targeting Israel Middle East,bob,17:29:30
956,2024-04-04,Unauthorized Access,Medium,Closed,Targeting WHO staff emails,henry,20:29:34
957,2024-05-31,Phishing,Medium,Closed,BlackTech cyber espionage group,george,16:10:38
958,2024-11-06,Data Leak,Low,Investigating,Targeting Vatican City networks,diana,05:56:23
959,2024-05-16,Unauthorized Access,Low,Closed,Targeting South Asia telecom,irene,11:11:29
960,2024-09-03,Malware,High,Open,COVID Arabic targeting apps,irene,12:04:43
961,2024-08-30,Phishing,Critical,Resolved,Vicious Panda malware operation,henry,17:26:11
962,2024-01-31,Unauthorized Access,Medium,Closed,Targeting COVID vaccine research,alice,05:37:32
963,2024-02-09,DDoS,Medium,Investigating,Targeting COVID research orgs,george,08:52:36
964,2024-08-16,Data Leak,Low,Resolved,Ghostwriter disinformation operations,edward,02:02:03
965,2024-02-05,Phishing,High,Resolved,Attacks Middle East Europe,george,19:47:21
966,2024-08-10,Unauthorized Access,High,Resolved,Tracking Saudi citizens US,irene,09:44:16
967,2024-01-06,Phishing,Medium,Resolved,Targeting Taiwanese government emails,bob,22:50:45
968,2024-11-17,DDoS,Critical,Open,Targeting Australian government companies,diana,19:47:32
969,2024-08-07,Malware,Critical,Resolved,Targeting WHO staff emails,diana,04:28:51
970,2024-03-15,Unauthorized Access,Low,Resolved,Breaches Japan firms disclosed,bob,00:46:19
971,2024-01-04,Phishing,Medium,Resolved,Targeting Iranian expats dissidents,charlie,01:37:16
972,2024-11-30,Phishing,Medium,Open,Targeting COVID research orgs,henry,03:44:36
973,2024-05-13,Phishing,Critical,Closed,Targeting companies Central Asia,irene,19:49:47
974,2024-04-27,Malware,Medium,Open,Spyware sent Jeff Bezos,fatima,10:48:14
975,2024-04-03,Phishing,Low,Closed,APT36 targeting South Asia,bob,03:44:03
976,2024-03-02,Data Leak,Medium,Resolved,Targeting Taiwan‑focused entities,bob,18:37:28
977,2024-07-12,Data Leak,Low,Investigating,Targeting German infrastructure owners,george,15:07:12
978,2024-11-30,Phishing,Medium,Investigating,Targeting Poland War University,henry,05:09:50
979,2024-07-21,Data Leak,Medium,Resolved,Zirconium cyber espionage group,henry,00:02:38
980,2024-01-26,Unauthorized Access,Medium,Resolved,Targeting German infrastructure owners,fatima,08:10:01
981,2024-06-21,Data Leak,Medium,Investigating,RedDelta cyber espionage,henry,00:52:25
982,2024-10-26,Phishing,Low,Resolved,Targeting CPC Corporation Taiwan,alice,08:15:10
983,2024-05-12,DDoS,Medium,Resolved,Mitsubishi employees data stolen,irene,15:33:05
984,2024-11-21,Unauthorized Access,Medium,Open,Spyware sent Jeff Bezos,alice,14:01:52
985,2024-04-27,Malware,High,Resolved,Targeting US IT sectors,charlie,05:21:56
986,2024-11-19,Phishing,Medium,Open,Targeting Israel Middle East,irene,12:51:49
987,2024-10-01,Malware,Low,Investigating,Targeting Ukrainian government agencies,edward,23:51:39
988,2024-07-30,DDoS,Medium,Open,Targeting Israeli water facilities,irene,10:26:37
989,2024-08-12,Malware,Medium,Investigating,Penetration US federal agency,irene,08:13:27
990,2024-01-20,Phishing,Low,Resolved,Targeting Poland War University,fatima,14:00:29
991,2024-04-22,Phishing,Medium,Closed,Attack on Austrian ministry,alice,04:05:33
992,2024-05-19,DDoS,Medium,Open,Targeting Exim email servers,george,17:54:23
993,2024-02-16,Phishing,Medium,Resolved,Targeting Ukraine phishing emails,fatima,06:10:24
994,2024-01-01,DDoS,Low,Investigating,Targeting cryptocurrency businesses persistently,irene,04:00:35
995,2024-03-30,DDoS,Low,Closed,Attack on Israeli utilities,george,08:10:28
996,2024-05-21,Phishing,Medium,Investigating,Targeting Azerbaijani government networks,diana,03:42:14
997,2024-11-15,Data Leak,Medium,Closed,Targeting Australian government companies,george,10:15:37
998,2024-02-07,DDoS,Low,Resolved,Zirconium cyber espionage group,bob,13:00:33
999,2024-10-19,Phishing,High,Open,Targeting UK trade minister,fatima,02:46:39
1000,2024-05-18,Data Leak,Medium,Closed,Spear‑phishing unnamed US agency,fatima,22:25:00
