id,dataset_name,category,source,last_updated,record_count,file_size_mb,created_at
1,CrimsonSignalTrace_772,Network Logs,Internal Sensor,2025-11-05,338174,1564.02,08:33:53
2,VortexCyberSphere_129,Security Alerts,Endpoint Agent,2025-08-24,744753,4705.31,09:09:56
3,QuantumSecureFlow_587,Network Logs,Open Source,2025-07-08,876554,4294.4,00:30:44
4,EclipseSecureFlow_959,User Activity,Cloud API,2025-07-17,190858,2672.35,06:17:14
5,QuantumDataForge_528,Security Alerts,Open Source,2025-08-19,527722,1496.35,06:25:24
6,EclipsePacketCore_702,Firewall Events,Open Source,2025-10-20,876353,2326.43,20:31:49
7,QuantumIntelHub_193,Network Logs,SIEM System,2025-07-01,372631,1347.76,20:02:40
8,EclipseSecureFlow_193,User Activity,Open Source,2025-10-02,918599,87.28,03:08:29
9,CrimsonLogMatrix_191,Threat Intelligence,SIEM System,2025-09-29,158899,4216.59,02:02:52
10,NebulaRiskVault_573,Firewall Events,Cloud API,2025-09-04,396332,3713.86,12:48:26
11,SpecterDataForge_916,Security Alerts,Internal Sensor,2025-06-02,742881,2893.9,06:06:12
12,VortexRiskVault_244,Firewall Events,Endpoint Agent,2025-10-18,160231,68.05,16:50:26
13,TitanDataForge_945,Firewall Events,Open Source,2025-09-14,248296,4672.81,12:30:12
14,VortexDataForge_498,Threat Intelligence,Endpoint Agent,2025-07-05,160500,4322.33,19:56:32
15,QuantumRiskVault_758,User Activity,SIEM System,2025-11-03,618219,3242.48,18:33:28
16,AegisNetStream_905,Malware Analysis,Cloud API,2025-09-09,79819,155.75,17:49:19
17,TitanNetStream_766,Network Logs,Internal Sensor,2025-09-29,748155,3067.54,09:04:10
18,EclipseThreatGrid_924,Firewall Events,Internal Sensor,2025-06-28,461231,4795.66,10:32:50
19,AegisLogMatrix_847,User Activity,Endpoint Agent,2025-06-01,70678,4173.35,09:37:44
20,TitanThreatGrid_172,Threat Intelligence,Cloud API,2025-09-04,183379,2653.26,08:24:08
21,CrimsonSignalTrace_581,Malware Analysis,SIEM System,2025-10-06,833888,3575.68,21:16:10
22,EclipseIntelHub_670,Security Alerts,Cloud API,2025-08-03,483689,866.53,16:49:56
23,ShadowLogMatrix_156,User Activity,Endpoint Agent,2025-07-09,215754,1092.33,17:48:40
24,AegisSecureFlow_534,Firewall Events,Open Source,2025-10-09,639400,3484.96,23:01:59
25,PhantomThreatGrid_843,User Activity,Internal Sensor,2025-08-11,692443,3335.22,11:34:40
26,EclipseRiskVault_107,Firewall Events,Internal Sensor,2025-09-25,739803,3204.41,11:38:42
27,AegisPacketCore_775,Security Alerts,Firewall Export,2025-06-15,697213,4031.66,14:36:10
28,QuantumLogMatrix_899,Malware Analysis,Open Source,2025-08-11,820904,4260.97,18:38:42
29,AegisRiskVault_765,Network Logs,Cloud API,2025-09-24,148049,1818.47,20:39:11
30,EclipseNetStream_533,Security Alerts,SIEM System,2025-07-04,998435,3012.82,17:14:49
31,AegisThreatGrid_466,User Activity,Cloud API,2025-10-13,85464,730.69,18:47:16
32,SpecterDataForge_682,Network Logs,Cloud API,2025-06-19,707195,1632.73,06:17:54
33,CrimsonPacketCore_410,Malware Analysis,SIEM System,2025-11-17,34126,3048.46,17:11:12
34,SpecterSignalTrace_892,Firewall Events,Open Source,2025-10-01,981684,3134.96,16:10:06
35,CrimsonPacketCore_819,User Activity,Internal Sensor,2025-08-22,375331,1386.14,15:27:20
36,VortexRiskVault_686,User Activity,Open Source,2025-08-19,994634,4664.65,14:02:40
37,ShadowIntelHub_618,Malware Analysis,Endpoint Agent,2025-10-05,394287,3993.52,10:47:40
38,EclipseCyberSphere_616,Malware Analysis,Endpoint Agent,2025-09-17,63781,1942.87,17:49:56
39,QuantumRiskVault_653,Threat Intelligence,Internal Sensor,2025-07-12,551492,4705.41,22:27:40
40,CrimsonSecureFlow_488,Security Alerts,Open Source,2025-08-10,456792,87.7,14:24:46
41,TitanCyberSphere_830,Threat Intelligence,SIEM System,2025-06-26,623810,4326.21,03:05:14
42,QuantumPacketCore_187,User Activity,Internal Sensor,2025-11-25,994428,3123.95,19:30:49
43,EclipseNetStream_953,User Activity,Firewall Export,2025-06-23,722809,282.55,16:57:16
44,VortexSecureFlow_648,Network Logs,Cloud API,2025-06-15,595109,4119.29,22:00:17
45,TitanPacketCore_817,Security Alerts,Endpoint Agent,2025-10-16,174957,4043.04,20:28:56
46,SpecterNetStream_129,User Activity,Cloud API,2025-09-26,311069,2463.34,04:12:28
47,QuantumThreatGrid_616,Network Logs,Internal Sensor,2025-09-28,784439,4687.81,14:21:22
48,CrimsonLogMatrix_215,Firewall Events,Cloud API,2025-07-23,61691,2129.76,15:30:24
49,PhantomSignalTrace_828,User Activity,SIEM System,2025-07-24,984806,3896.63,12:07:12
50,ShadowIntelHub_387,Malware Analysis,Internal Sensor,2025-11-23,850506,378.4,09:04:26
51,CrimsonSecureFlow_797,Network Logs,Open Source,2025-10-31,250860,809.95,17:40:29
52,PhantomSecureFlow_691,Network Logs,Cloud API,2025-09-04,469840,476.38,01:48:40
53,SpecterRiskVault_451,Malware Analysis,Endpoint Agent,2025-09-05,988408,25.36,04:57:08
54,AegisPacketCore_105,Security Alerts,Cloud API,2025-10-24,352581,4959.9,21:28:14
55,QuantumSecureFlow_271,User Activity,Cloud API,2025-06-26,984773,3216.71,20:42:08
56,PhantomThreatGrid_909,Malware Analysis,SIEM System,2025-11-15,296986,3771.65,13:44:32
57,TitanThreatGrid_432,User Activity,Open Source,2025-07-12,31346,302.17,16:09:54
58,AegisSecureFlow_303,Network Logs,Open Source,2025-07-11,583273,3563.57,22:33:07
59,SpecterNetStream_793,Firewall Events,Internal Sensor,2025-07-22,555796,2021.56,20:21:08
60,PhantomCyberSphere_872,User Activity,Cloud API,2025-07-31,238638,2660.55,17:47:00
61,EclipseRiskVault_162,Malware Analysis,Cloud API,2025-09-01,860731,2825.43,19:44:27
62,ShadowNetStream_321,Malware Analysis,Internal Sensor,2025-07-14,335260,200.73,21:20:38
63,VortexRiskVault_525,Network Logs,Open Source,2025-08-08,493774,4395.57,11:28:28
64,NebulaCyberSphere_571,Threat Intelligence,Cloud API,2025-07-10,138311,1861.04,16:54:44
65,CrimsonCyberSphere_558,User Activity,Cloud API,2025-07-27,103717,4385.18,09:19:18
66,ShadowPacketCore_217,Malware Analysis,Firewall Export,2025-10-19,329827,1538.35,09:01:20
67,VortexSignalTrace_685,Network Logs,Open Source,2025-08-16,119531,1405.02,00:21:14
68,PhantomRiskVault_409,Firewall Events,SIEM System,2025-06-14,971788,1957.81,10:24:28
69,QuantumRiskVault_820,Firewall Events,Internal Sensor,2025-11-15,668290,3140.04,19:25:20
70,VortexLogMatrix_897,Network Logs,Internal Sensor,2025-06-04,972213,1908.92,02:26:56
71,CrimsonNetStream_956,User Activity,Internal Sensor,2025-07-26,341573,2118.92,17:20:32
72,ShadowLogMatrix_849,Threat Intelligence,SIEM System,2025-09-02,517215,1555.63,06:30:39
73,PhantomLogMatrix_239,Malware Analysis,Firewall Export,2025-09-28,510875,2713.9,05:28:44
74,EclipseDataForge_982,Firewall Events,SIEM System,2025-08-23,202120,3646.38,15:05:24
75,CrimsonIntelHub_586,Malware Analysis,Endpoint Agent,2025-07-31,745621,3615.49,14:17:04
76,VortexIntelHub_658,Malware Analysis,Open Source,2025-09-14,314087,4212.13,10:57:56
77,TitanDataForge_606,Malware Analysis,Cloud API,2025-07-04,845276,2574.08,17:31:17
78,SpecterNetStream_823,Firewall Events,Open Source,2025-10-22,170439,4752.68,16:24:48
79,CrimsonIntelHub_715,User Activity,Open Source,2025-10-01,226905,1435.3,15:39:24
80,PhantomSignalTrace_202,Threat Intelligence,Internal Sensor,2025-09-05,529635,1988.67,17:30:44
81,SpecterThreatGrid_669,Security Alerts,Open Source,2025-06-10,777982,2247.31,08:23:08
82,ShadowSignalTrace_400,Firewall Events,SIEM System,2025-06-17,626707,3125.48,17:36:54
83,TitanLogMatrix_300,Firewall Events,Endpoint Agent,2025-09-24,234531,1766.33,07:46:02
84,TitanPacketCore_602,Firewall Events,SIEM System,2025-07-11,518534,4885.26,05:08:14
85,CrimsonSignalTrace_795,Firewall Events,Endpoint Agent,2025-08-31,6035,1793.43,16:43:08
86,VortexCyberSphere_520,Threat Intelligence,Cloud API,2025-11-03,823308,4621.19,14:26:39
87,QuantumSignalTrace_700,Security Alerts,SIEM System,2025-11-21,820032,711.81,05:29:41
88,EclipseRiskVault_584,Threat Intelligence,SIEM System,2025-11-19,607137,865.56,00:20:50
89,CrimsonSignalTrace_113,User Activity,Firewall Export,2025-08-15,750135,1276.6,19:45:08
90,VortexLogMatrix_550,Security Alerts,Firewall Export,2025-11-16,306439,4154.44,08:52:04
91,TitanIntelHub_334,Malware Analysis,SIEM System,2025-07-28,249437,4342.67,18:32:14
92,CrimsonSignalTrace_184,Threat Intelligence,Endpoint Agent,2025-07-29,307121,3606.07,10:11:59
93,QuantumThreatGrid_867,Network Logs,Endpoint Agent,2025-09-17,400799,4343.33,21:43:59
94,SpecterLogMatrix_196,Firewall Events,SIEM System,2025-06-22,594603,1194.91,04:14:14
95,ShadowNetStream_928,User Activity,Endpoint Agent,2025-07-08,383926,3994.43,16:17:04
96,AegisIntelHub_958,Malware Analysis,Cloud API,2025-07-19,779147,2001.45,19:54:52
97,CrimsonCyberSphere_903,Firewall Events,Internal Sensor,2025-10-08,322021,3943.89,05:42:39
98,EclipseLogMatrix_668,Malware Analysis,Firewall Export,2025-07-06,463124,4379.23,09:05:05
99,SpecterDataForge_341,Firewall Events,SIEM System,2025-09-24,765706,3950.86,14:30:44
100,TitanLogMatrix_891,User Activity,SIEM System,2025-08-11,491183,1901.26,21:05:50
101,AegisPacketCore_987,User Activity,Firewall Export,2025-06-14,493609,1878.78,00:02:30
102,PhantomPacketCore_856,Firewall Events,Open Source,2025-06-13,967839,1130.52,04:48:05
103,ShadowDataForge_653,Firewall Events,SIEM System,2025-06-03,626712,2222.03,11:10:18
104,EclipseRiskVault_192,Malware Analysis,Internal Sensor,2025-06-06,919626,874.61,01:10:29
105,EclipseRiskVault_444,Network Logs,Cloud API,2025-11-01,25879,960.73,01:18:54
106,PhantomSecureFlow_944,User Activity,Endpoint Agent,2025-07-08,137438,4670.92,06:51:08
107,TitanSignalTrace_525,User Activity,Internal Sensor,2025-09-05,214802,729.51,02:50:14
108,PhantomLogMatrix_142,Firewall Events,Endpoint Agent,2025-09-12,582893,1289.34,05:32:20
109,PhantomDataForge_388,Malware Analysis,Open Source,2025-09-11,170630,338.81,04:45:53
110,ShadowThreatGrid_497,Threat Intelligence,Endpoint Agent,2025-06-25,708170,3862.95,00:26:49
111,QuantumIntelHub_343,Malware Analysis,SIEM System,2025-06-10,833289,1400.25,16:46:19
112,AegisThreatGrid_170,Network Logs,Firewall Export,2025-09-20,285119,2367.56,04:15:32
113,VortexThreatGrid_851,Network Logs,Internal Sensor,2025-06-10,556946,4931.87,17:41:50
114,AegisSignalTrace_201,Security Alerts,Firewall Export,2025-06-04,581355,4290.58,21:57:44
115,EclipseSignalTrace_828,Firewall Events,Cloud API,2025-06-20,138318,437.41,01:51:50
116,ShadowCyberSphere_360,Security Alerts,Cloud API,2025-06-14,462264,3972.58,15:53:46
117,CrimsonPacketCore_891,Network Logs,Firewall Export,2025-08-01,178385,4009.1,04:26:05
118,VortexPacketCore_790,User Activity,SIEM System,2025-08-21,775068,1143.24,02:05:46
119,CrimsonPacketCore_365,Malware Analysis,Endpoint Agent,2025-07-14,365714,2566.14,23:54:23
120,QuantumPacketCore_239,Threat Intelligence,Endpoint Agent,2025-07-11,832394,1173.91,12:06:53
121,TitanSignalTrace_446,Network Logs,Internal Sensor,2025-07-15,999494,1956.1,18:28:04
122,NebulaRiskVault_836,Firewall Events,Firewall Export,2025-10-10,384065,1229.03,07:48:36
123,NebulaRiskVault_282,Security Alerts,Internal Sensor,2025-10-05,21887,2047.06,18:09:23
124,NebulaDataForge_470,Malware Analysis,Firewall Export,2025-06-26,147914,429.54,09:52:20
125,NebulaCyberSphere_508,Malware Analysis,Open Source,2025-10-27,515587,1664.54,07:26:38
126,QuantumIntelHub_930,User Activity,Firewall Export,2025-10-09,492382,4034.27,03:53:08
127,ShadowIntelHub_386,Security Alerts,Internal Sensor,2025-09-08,707971,1073.86,18:23:00
128,NebulaSignalTrace_755,Threat Intelligence,Firewall Export,2025-09-10,597180,1939.78,18:57:00
129,CrimsonIntelHub_776,Network Logs,Cloud API,2025-06-13,464203,2906.26,16:34:24
130,PhantomSignalTrace_628,Network Logs,Internal Sensor,2025-06-25,176754,2661.48,08:40:44
131,ShadowLogMatrix_636,Threat Intelligence,SIEM System,2025-08-26,648200,4419.21,06:54:44
132,PhantomThreatGrid_189,Firewall Events,SIEM System,2025-10-11,741680,3818.36,05:07:49
133,ShadowSecureFlow_654,Threat Intelligence,Internal Sensor,2025-09-05,37541,1835.59,20:18:36
134,TitanLogMatrix_960,Security Alerts,Cloud API,2025-06-30,351290,2987.99,11:59:54
135,ShadowSignalTrace_267,Firewall Events,Internal Sensor,2025-08-09,708600,2532.97,02:28:02
136,EclipseDataForge_941,Malware Analysis,Firewall Export,2025-10-12,165263,1613.61,15:28:53
137,VortexLogMatrix_285,Network Logs,Firewall Export,2025-11-11,759535,3769.54,04:46:08
138,SpecterSignalTrace_190,Security Alerts,Internal Sensor,2025-07-03,594408,348.41,07:04:54
139,AegisLogMatrix_733,Security Alerts,Internal Sensor,2025-07-16,895808,82.49,19:12:04
140,SpecterRiskVault_207,User Activity,SIEM System,2025-08-14,498172,270.22,02:51:44
141,VortexLogMatrix_183,User Activity,Endpoint Agent,2025-09-04,536522,3890.11,17:33:08
142,TitanCyberSphere_301,Network Logs,Cloud API,2025-11-12,633670,2695.81,22:59:08
143,TitanPacketCore_555,Security Alerts,SIEM System,2025-09-06,348261,1740.71,05:27:12
144,VortexSignalTrace_231,Firewall Events,SIEM System,2025-10-31,851753,86.55,09:34:17
145,SpecterIntelHub_781,Firewall Events,Firewall Export,2025-06-18,482463,4517.57,20:52:38
146,NebulaDataForge_819,Malware Analysis,Internal Sensor,2025-11-18,581065,4420.25,01:04:20
147,ShadowIntelHub_928,Network Logs,Internal Sensor,2025-06-27,390803,3637.44,15:19:08
148,TitanIntelHub_358,Firewall Events,Endpoint Agent,2025-07-03,374104,4428.81,08:22:29
149,SpecterLogMatrix_206,Threat Intelligence,Endpoint Agent,2025-06-04,409557,4091.53,12:14:05
150,AegisIntelHub_602,Security Alerts,SIEM System,2025-08-19,396524,4826.68,20:54:08
151,NebulaPacketCore_715,User Activity,SIEM System,2025-06-07,271205,4283.6,05:14:59
152,AegisThreatGrid_824,Network Logs,Endpoint Agent,2025-11-20,485453,2923.62,20:11:50
153,ShadowPacketCore_285,Threat Intelligence,Open Source,2025-08-02,159865,2648.06,02:52:44
154,CrimsonCyberSphere_379,Network Logs,Firewall Export,2025-07-07,850272,1772.16,08:58:44
155,EclipseLogMatrix_658,Security Alerts,Open Source,2025-08-16,763392,4000.48,01:33:49
156,EclipseThreatGrid_626,Firewall Events,SIEM System,2025-08-27,729974,2667.82,06:49:22
157,VortexCyberSphere_110,Threat Intelligence,Endpoint Agent,2025-06-23,115038,2307.57,22:52:18
158,ShadowPacketCore_341,Security Alerts,Endpoint Agent,2025-06-01,927380,1615.19,21:16:47
159,EclipseRiskVault_861,Firewall Events,Open Source,2025-07-02,721188,993.07,09:41:45
160,VortexIntelHub_293,Threat Intelligence,Cloud API,2025-11-06,914938,2668.98,02:58:04
161,PhantomPacketCore_543,Malware Analysis,SIEM System,2025-09-13,428783,1041.18,01:58:22
162,QuantumPacketCore_846,Firewall Events,SIEM System,2025-07-05,581584,335.81,16:08:14
163,ShadowThreatGrid_683,Threat Intelligence,SIEM System,2025-07-28,150153,3928.06,18:03:44
164,SpecterRiskVault_249,Network Logs,SIEM System,2025-10-30,417505,2890.34,17:46:37
165,QuantumRiskVault_373,Firewall Events,Firewall Export,2025-08-26,995662,3710.22,20:07:29
166,PhantomDataForge_312,Threat Intelligence,SIEM System,2025-08-30,489849,174.18,01:25:32
167,PhantomDataForge_662,Malware Analysis,SIEM System,2025-06-18,774504,1905.29,14:59:34
168,CrimsonSignalTrace_287,Firewall Events,Endpoint Agent,2025-10-29,364086,3773.76,02:56:41
169,SpecterRiskVault_293,User Activity,Cloud API,2025-08-15,297869,4024.1,02:52:28
170,NebulaNetStream_758,Firewall Events,Open Source,2025-11-19,367139,3381.24,01:41:32
171,VortexThreatGrid_832,Malware Analysis,Internal Sensor,2025-06-30,765105,35.42,06:03:17
172,SpecterRiskVault_107,Threat Intelligence,Cloud API,2025-08-04,505822,4870.76,17:58:20
173,PhantomIntelHub_825,Malware Analysis,Firewall Export,2025-08-14,755100,2022.39,15:01:12
174,EclipseDataForge_316,User Activity,SIEM System,2025-10-25,923443,2304.85,00:47:14
175,PhantomSignalTrace_782,User Activity,Open Source,2025-10-12,189717,4287.1,06:23:29
176,QuantumSignalTrace_415,Security Alerts,SIEM System,2025-07-22,994054,3078.84,13:48:44
177,AegisThreatGrid_859,Threat Intelligence,Cloud API,2025-11-12,779418,258.82,11:20:28
178,PhantomPacketCore_738,Threat Intelligence,Firewall Export,2025-08-23,745124,1143.39,11:03:35
179,PhantomSignalTrace_225,Network Logs,Firewall Export,2025-07-06,699321,1636.82,20:31:14
180,TitanDataForge_699,User Activity,Open Source,2025-06-29,432446,2873.02,18:13:44
181,QuantumPacketCore_699,Network Logs,SIEM System,2025-08-10,123307,4642.6,07:28:56
182,SpecterCyberSphere_230,Malware Analysis,Endpoint Agent,2025-11-18,683538,533.61,00:30:49
183,PhantomNetStream_885,Security Alerts,Endpoint Agent,2025-07-17,99029,4441.35,05:02:24
184,QuantumDataForge_796,User Activity,Internal Sensor,2025-08-21,27501,3943.32,07:14:40
185,SpecterThreatGrid_632,Malware Analysis,Firewall Export,2025-09-23,18314,1458.97,05:13:56
186,EclipseNetStream_328,Firewall Events,Internal Sensor,2025-10-20,879076,136.81,02:54:02
187,SpecterRiskVault_140,Threat Intelligence,Firewall Export,2025-10-21,852828,3505.4,08:25:40
188,TitanIntelHub_662,User Activity,Open Source,2025-06-13,926096,374.93,04:49:48
189,AegisSignalTrace_312,User Activity,SIEM System,2025-07-04,506145,2079.83,08:20:11
190,VortexPacketCore_313,Network Logs,Internal Sensor,2025-08-02,406836,4302.07,08:23:00
191,SpecterNetStream_536,User Activity,Firewall Export,2025-09-27,688136,4880.4,17:58:54
192,SpecterCyberSphere_517,User Activity,Firewall Export,2025-07-18,640459,497.87,20:37:44
193,PhantomCyberSphere_643,Malware Analysis,Firewall Export,2025-06-04,185214,1160.07,16:19:52
194,NebulaIntelHub_772,Malware Analysis,Internal Sensor,2025-11-16,321150,4236.88,22:18:32
195,ShadowPacketCore_887,User Activity,Endpoint Agent,2025-06-01,146645,2052.47,22:00:05
196,QuantumRiskVault_636,Malware Analysis,Firewall Export,2025-09-06,183330,531.97,10:06:44
197,EclipseRiskVault_447,Malware Analysis,Open Source,2025-11-23,637023,4133.36,04:36:04
198,NebulaThreatGrid_959,User Activity,Open Source,2025-11-17,305797,2465.77,20:05:24
199,VortexCyberSphere_811,User Activity,Firewall Export,2025-10-02,471054,1732.52,03:50:50
200,TitanLogMatrix_609,Malware Analysis,SIEM System,2025-11-26,648573,1170.9,02:45:08
201,ShadowNetStream_698,Threat Intelligence,Endpoint Agent,2025-10-12,780910,4478.39,23:19:20
202,ShadowIntelHub_597,Malware Analysis,Endpoint Agent,2025-09-13,615625,4294.61,21:12:06
203,ShadowIntelHub_257,Network Logs,SIEM System,2025-10-26,319052,748.38,01:00:58
204,QuantumPacketCore_573,Security Alerts,Open Source,2025-11-23,167586,3957.19,20:36:04
205,QuantumDataForge_115,User Activity,Firewall Export,2025-06-07,694256,1799.87,01:01:59
206,AegisSignalTrace_578,Network Logs,Open Source,2025-06-19,424323,1360.45,23:13:07
207,AegisCyberSphere_149,Security Alerts,Firewall Export,2025-10-05,594124,2784.34,15:49:18
208,SpecterRiskVault_557,User Activity,Internal Sensor,2025-08-13,611682,4411.82,23:02:08
209,ShadowNetStream_810,Firewall Events,Open Source,2025-10-18,988244,1038.23,17:42:05
210,SpecterThreatGrid_466,User Activity,Cloud API,2025-08-07,207507,3341.08,20:16:44
211,PhantomIntelHub_426,Network Logs,Endpoint Agent,2025-08-23,917549,3931.96,09:51:34
212,ShadowRiskVault_434,User Activity,Firewall Export,2025-10-06,855957,4477.84,21:10:08
213,CrimsonNetStream_749,Firewall Events,Internal Sensor,2025-06-18,113543,3578.37,10:19:32
214,ShadowDataForge_641,Network Logs,SIEM System,2025-07-22,263233,2506.63,16:28:44
215,TitanDataForge_259,Security Alerts,Firewall Export,2025-11-06,767965,1530.16,01:09:44
216,QuantumThreatGrid_879,Threat Intelligence,SIEM System,2025-06-13,427826,3877.59,07:19:18
217,ShadowIntelHub_662,Malware Analysis,SIEM System,2025-09-16,94291,180.1,11:39:32
218,EclipseLogMatrix_709,User Activity,Internal Sensor,2025-08-13,597067,1400.96,06:41:14
219,TitanPacketCore_962,Malware Analysis,Internal Sensor,2025-06-21,806500,556.67,06:38:06
220,QuantumDataForge_264,Threat Intelligence,Firewall Export,2025-08-11,597355,54.22,21:10:11
221,AegisSecureFlow_120,Network Logs,Cloud API,2025-07-11,54260,962.55,01:55:56
222,TitanDataForge_564,Network Logs,Open Source,2025-10-04,406695,628.93,15:39:17
223,NebulaRiskVault_758,User Activity,SIEM System,2025-07-20,287656,4658.36,00:40:11
224,QuantumPacketCore_646,Threat Intelligence,Open Source,2025-11-26,963131,3124.86,07:49:42
225,QuantumDataForge_370,Security Alerts,Firewall Export,2025-09-16,343468,420.61,23:51:16
226,NebulaIntelHub_210,Network Logs,SIEM System,2025-06-27,597672,2337.39,08:34:17
227,VortexNetStream_303,Security Alerts,Firewall Export,2025-08-26,604973,396.87,18:25:32
228,QuantumNetStream_299,Threat Intelligence,Cloud API,2025-06-11,288702,1606.15,07:44:48
229,SpecterRiskVault_392,Malware Analysis,Firewall Export,2025-07-10,387493,3142.86,07:32:20
230,NebulaThreatGrid_888,User Activity,Open Source,2025-07-01,90199,3561.28,04:38:29
231,TitanNetStream_804,Security Alerts,Internal Sensor,2025-09-26,317853,4567.47,13:53:32
232,NebulaPacketCore_807,Security Alerts,Open Source,2025-06-07,524548,1260.04,20:37:40
233,NebulaCyberSphere_563,Threat Intelligence,Open Source,2025-11-11,549112,1833.13,16:35:39
234,TitanSecureFlow_131,User Activity,Open Source,2025-09-26,152446,4428.54,08:06:29
235,AegisSecureFlow_397,Firewall Events,Internal Sensor,2025-09-25,434943,809.7,03:41:14
236,VortexIntelHub_349,Network Logs,SIEM System,2025-10-15,736625,3301.19,15:49:00
237,NebulaSecureFlow_656,User Activity,Internal Sensor,2025-11-07,476215,2992.53,22:13:06
238,EclipseLogMatrix_868,User Activity,Cloud API,2025-11-14,12369,1808.77,19:38:08
239,CrimsonCyberSphere_697,Firewall Events,Cloud API,2025-10-01,559700,3192.15,21:49:21
240,TitanIntelHub_732,Threat Intelligence,Endpoint Agent,2025-10-18,382679,4690.79,14:48:46
241,EclipseThreatGrid_329,Firewall Events,Cloud API,2025-09-14,736476,3146.84,09:22:44
242,QuantumSecureFlow_249,User Activity,Open Source,2025-11-26,131611,2958.86,20:37:24
243,SpecterDataForge_370,Threat Intelligence,SIEM System,2025-10-03,511110,4686.87,09:39:38
244,CrimsonNetStream_744,Security Alerts,SIEM System,2025-09-22,535717,2896.62,22:04:24
245,PhantomSignalTrace_301,Malware Analysis,Endpoint Agent,2025-06-13,678070,1850.11,21:17:08
246,VortexThreatGrid_973,Malware Analysis,Open Source,2025-11-19,98024,2989.63,09:04:56
247,EclipseSecureFlow_723,Security Alerts,Endpoint Agent,2025-08-25,779718,2337.42,04:38:28
248,SpecterThreatGrid_740,Firewall Events,Internal Sensor,2025-09-19,512625,3244.55,17:27:16
249,PhantomIntelHub_456,Malware Analysis,SIEM System,2025-08-06,95699,1469.9,15:31:59
250,PhantomThreatGrid_353,Network Logs,Firewall Export,2025-07-09,549771,3411.03,08:23:38
251,TitanSecureFlow_501,User Activity,Internal Sensor,2025-11-19,498268,1075.51,11:25:50
252,SpecterRiskVault_454,Security Alerts,Endpoint Agent,2025-09-18,143564,4595.68,16:09:52
253,TitanPacketCore_631,Firewall Events,Cloud API,2025-07-22,539502,3263.62,09:00:32
254,SpecterDataForge_809,Malware Analysis,Endpoint Agent,2025-08-07,892912,4654.93,00:47:20
255,CrimsonSecureFlow_970,Malware Analysis,Internal Sensor,2025-11-23,40775,4488.92,04:25:47
256,PhantomIntelHub_107,User Activity,Internal Sensor,2025-08-08,225082,1554.45,18:11:22
257,VortexPacketCore_332,Security Alerts,Endpoint Agent,2025-10-30,734636,2017.54,01:01:14
258,SpecterNetStream_789,Malware Analysis,Internal Sensor,2025-08-29,401754,697.05,22:33:44
259,VortexNetStream_796,Firewall Events,Firewall Export,2025-11-24,322066,4568.85,10:18:32
260,PhantomSignalTrace_358,User Activity,Internal Sensor,2025-06-28,298992,4147.64,22:23:04
261,NebulaNetStream_867,Security Alerts,Open Source,2025-10-15,715275,3717.66,05:22:19
262,QuantumPacketCore_852,Firewall Events,SIEM System,2025-10-27,20357,3805.25,04:41:38
263,AegisIntelHub_499,Threat Intelligence,Cloud API,2025-07-05,24810,3260.12,23:31:32
264,TitanThreatGrid_313,Firewall Events,Open Source,2025-09-20,938184,4213.75,00:53:24
265,ShadowPacketCore_959,Security Alerts,Firewall Export,2025-10-24,516333,3.35,14:22:20
266,VortexSecureFlow_506,Malware Analysis,SIEM System,2025-08-10,213871,2191.45,21:01:28
267,ShadowLogMatrix_536,Security Alerts,Open Source,2025-06-06,985346,3609.26,23:59:02
268,PhantomThreatGrid_862,Firewall Events,Internal Sensor,2025-07-24,52952,3658.84,19:30:36
269,VortexPacketCore_749,Firewall Events,Firewall Export,2025-06-08,919434,1792.81,19:11:08
270,CrimsonThreatGrid_804,Threat Intelligence,Open Source,2025-09-29,355967,296.67,07:46:32
271,ShadowPacketCore_891,Malware Analysis,Endpoint Agent,2025-09-28,805448,1430.27,01:49:29
272,VortexCyberSphere_669,Network Logs,SIEM System,2025-11-13,666839,3071.4,20:45:11
273,EclipseSignalTrace_211,Network Logs,Endpoint Agent,2025-09-15,629874,968.73,06:08:20
274,AegisCyberSphere_748,Firewall Events,Internal Sensor,2025-11-02,157299,708.85,23:17:31
275,SpecterDataForge_252,User Activity,Internal Sensor,2025-07-14,128309,1571.3,20:39:48
276,NebulaCyberSphere_915,Firewall Events,SIEM System,2025-07-10,683024,4198.31,06:33:20
277,ShadowPacketCore_553,User Activity,Open Source,2025-10-23,780571,2606.68,00:14:14
278,SpecterPacketCore_303,User Activity,SIEM System,2025-06-13,164580,1985.45,01:31:29
279,SpecterNetStream_641,Firewall Events,Open Source,2025-07-15,195730,356.42,16:46:50
280,TitanDataForge_476,Firewall Events,Endpoint Agent,2025-09-20,656922,4948.43,16:24:44
281,NebulaIntelHub_631,User Activity,Internal Sensor,2025-09-02,275334,3921.95,05:58:50
282,AegisRiskVault_111,Firewall Events,Firewall Export,2025-06-21,890701,3829.54,22:41:22
283,VortexNetStream_290,Firewall Events,Firewall Export,2025-07-27,9152,1474.14,22:25:47
284,SpecterCyberSphere_750,Security Alerts,Open Source,2025-06-25,809004,2448.85,22:48:10
285,EclipseCyberSphere_669,Network Logs,Cloud API,2025-07-18,284070,503.72,12:01:04
286,VortexSecureFlow_906,Malware Analysis,Open Source,2025-08-27,860896,2685.06,08:01:48
287,NebulaIntelHub_211,Security Alerts,Open Source,2025-08-31,433556,4840.27,17:25:51
288,NebulaIntelHub_714,Security Alerts,SIEM System,2025-07-15,257395,4869.7,04:05:56
289,PhantomSecureFlow_441,Firewall Events,SIEM System,2025-11-01,959263,4234.95,04:20:17
290,VortexIntelHub_733,Firewall Events,SIEM System,2025-10-28,194973,1953.53,20:47:50
291,NebulaThreatGrid_437,Firewall Events,SIEM System,2025-06-20,927338,1768.27,09:42:54
292,QuantumThreatGrid_787,Firewall Events,Cloud API,2025-09-21,41626,4631.43,12:40:54
293,ShadowSignalTrace_107,Security Alerts,SIEM System,2025-11-16,697793,4912.67,18:31:14
294,SpecterNetStream_878,User Activity,Endpoint Agent,2025-10-10,255491,170.84,05:36:14
295,VortexRiskVault_906,User Activity,SIEM System,2025-09-13,213021,887.52,09:01:53
296,SpecterSecureFlow_820,Firewall Events,SIEM System,2025-11-16,832140,1509.97,03:48:04
297,ShadowIntelHub_106,Security Alerts,Endpoint Agent,2025-07-19,146347,4776.32,10:57:24
298,CrimsonThreatGrid_396,User Activity,SIEM System,2025-07-08,441296,4159.98,07:08:36
299,NebulaThreatGrid_304,Malware Analysis,Cloud API,2025-08-09,49951,244.16,05:37:25
300,ShadowIntelHub_980,Firewall Events,SIEM System,2025-11-06,274040,2320.13,18:24:44
301,CrimsonDataForge_795,Network Logs,Endpoint Agent,2025-11-19,940138,4156.42,05:22:29
302,CrimsonSignalTrace_884,Firewall Events,Cloud API,2025-10-17,909004,2933.65,22:11:32
303,SpecterNetStream_231,User Activity,Cloud API,2025-09-17,273346,4241.21,08:40:20
304,SpecterPacketCore_881,Malware Analysis,SIEM System,2025-08-21,516032,3121.08,01:01:14
305,SpecterNetStream_626,User Activity,Cloud API,2025-08-13,349841,3770.78,20:38:26
306,QuantumLogMatrix_509,Security Alerts,Open Source,2025-08-09,246902,3196.81,17:50:28
307,PhantomSecureFlow_510,Security Alerts,Open Source,2025-11-14,368188,79.29,16:28:48
308,SpecterRiskVault_372,User Activity,Cloud API,2025-06-27,619944,1028.11,20:26:49
309,VortexRiskVault_760,Firewall Events,Firewall Export,2025-10-26,734413,2133.53,14:57:24
310,QuantumLogMatrix_422,Security Alerts,Cloud API,2025-06-12,488991,4614.27,09:04:42
311,TitanThreatGrid_769,Threat Intelligence,Open Source,2025-06-04,15630,4208.09,11:04:59
312,NebulaCyberSphere_730,Security Alerts,Internal Sensor,2025-08-06,811367,3391.49,21:27:54
313,NebulaSecureFlow_427,Network Logs,Cloud API,2025-06-27,225177,2038.9,18:42:06
314,NebulaCyberSphere_897,Firewall Events,Open Source,2025-09-26,237716,950.96,19:14:20
315,SpecterCyberSphere_479,Firewall Events,Cloud API,2025-07-04,460583,1780.9,01:18:36
316,CrimsonSignalTrace_673,User Activity,Open Source,2025-11-24,616094,58.31,23:54:26
317,SpecterIntelHub_952,Network Logs,Cloud API,2025-11-11,272202,211.98,22:34:40
318,TitanSignalTrace_647,Security Alerts,Cloud API,2025-07-15,774195,2195.52,15:51:48
319,QuantumThreatGrid_578,Firewall Events,Internal Sensor,2025-06-10,261014,1515.42,21:42:32
320,VortexCyberSphere_417,Threat Intelligence,Cloud API,2025-07-22,973466,2261.11,11:54:54
321,VortexDataForge_806,User Activity,Endpoint Agent,2025-09-09,248129,4239.78,15:36:44
322,AegisRiskVault_667,Security Alerts,Open Source,2025-09-25,927446,2514.99,20:00:42
323,CrimsonSignalTrace_465,Threat Intelligence,Open Source,2025-11-16,180267,2851.47,17:28:14
324,CrimsonLogMatrix_630,Security Alerts,Endpoint Agent,2025-09-24,405049,4479.0,18:13:44
325,SpecterSignalTrace_436,Threat Intelligence,Internal Sensor,2025-11-05,316893,1858.61,15:30:17
326,SpecterRiskVault_212,Security Alerts,Endpoint Agent,2025-10-02,445001,2966.02,15:13:14
327,NebulaThreatGrid_828,Network Logs,Cloud API,2025-11-15,401613,4578.19,23:38:34
328,NebulaDataForge_762,User Activity,Open Source,2025-09-06,321815,899.95,18:36:40
329,TitanLogMatrix_723,Malware Analysis,Endpoint Agent,2025-06-23,288233,2416.19,07:27:39
330,TitanSecureFlow_910,Security Alerts,Endpoint Agent,2025-08-26,289705,3980.77,10:37:08
331,ShadowRiskVault_756,Threat Intelligence,Firewall Export,2025-11-14,683519,513.21,16:01:01
332,EclipseDataForge_129,Threat Intelligence,Cloud API,2025-08-11,295569,3979.85,05:48:44
333,ShadowSignalTrace_637,Security Alerts,Open Source,2025-08-06,496692,2038.54,09:30:30
334,SpecterSecureFlow_773,Network Logs,Cloud API,2025-11-06,669132,1119.55,22:04:11
335,NebulaIntelHub_742,Security Alerts,SIEM System,2025-11-23,399634,902.02,21:47:56
336,PhantomLogMatrix_833,Threat Intelligence,Firewall Export,2025-10-10,578517,2505.86,11:49:47
337,PhantomCyberSphere_504,Firewall Events,Open Source,2025-08-14,472627,4285.62,16:37:32
338,SpecterNetStream_242,Firewall Events,SIEM System,2025-06-03,149577,705.87,21:09:05
339,VortexNetStream_275,User Activity,Firewall Export,2025-11-09,24058,4769.13,19:54:54
340,SpecterRiskVault_624,Security Alerts,Open Source,2025-06-03,695652,704.6,02:26:41
341,SpecterNetStream_891,Threat Intelligence,SIEM System,2025-06-23,427397,1546.81,09:55:20
342,VortexNetStream_400,Malware Analysis,Cloud API,2025-08-05,496983,3584.62,21:35:42
343,ShadowCyberSphere_508,Security Alerts,Internal Sensor,2025-08-14,42775,3048.89,09:33:12
344,VortexDataForge_339,Network Logs,Firewall Export,2025-09-13,807393,665.06,03:44:34
345,SpecterDataForge_946,Network Logs,SIEM System,2025-11-03,858588,4084.67,09:48:29
346,NebulaDataForge_241,User Activity,SIEM System,2025-11-16,55665,3978.02,19:22:12
347,VortexNetStream_441,Security Alerts,Endpoint Agent,2025-10-22,708072,3891.16,22:12:44
348,PhantomSignalTrace_253,Network Logs,Endpoint Agent,2025-09-19,707502,4680.02,20:40:44
349,CrimsonSecureFlow_912,Security Alerts,Cloud API,2025-11-11,702302,3689.55,08:19:03
350,QuantumIntelHub_773,Network Logs,Internal Sensor,2025-09-18,895545,1323.37,22:03:46
351,ShadowLogMatrix_841,Security Alerts,Firewall Export,2025-09-11,448009,2123.09,00:47:44
352,VortexThreatGrid_409,Security Alerts,Internal Sensor,2025-06-29,90871,1300.23,16:52:04
353,ShadowNetStream_885,Security Alerts,Endpoint Agent,2025-10-21,606283,2486.27,00:07:02
354,TitanSignalTrace_614,Security Alerts,Cloud API,2025-08-31,297112,2468.68,17:36:58
355,SpecterIntelHub_560,Malware Analysis,Open Source,2025-06-07,602064,4729.55,16:53:44
356,QuantumSignalTrace_251,Threat Intelligence,Cloud API,2025-08-24,902627,643.28,07:32:50
357,EclipseSecureFlow_311,Network Logs,Cloud API,2025-11-23,430512,4165.06,14:57:02
358,TitanDataForge_141,Network Logs,Internal Sensor,2025-11-22,525899,1178.49,16:06:48
359,CrimsonDataForge_552,Malware Analysis,Open Source,2025-09-17,293988,3258.11,07:18:44
360,PhantomPacketCore_913,Security Alerts,Cloud API,2025-08-18,396753,2752.18,14:24:00
361,PhantomLogMatrix_448,Threat Intelligence,Endpoint Agent,2025-09-10,409389,822.9,08:46:32
362,SpecterSignalTrace_173,Malware Analysis,SIEM System,2025-06-13,846485,2378.02,08:42:42
363,QuantumLogMatrix_492,Malware Analysis,Cloud API,2025-08-29,509306,1398.04,01:07:16
364,SpecterThreatGrid_118,Network Logs,Open Source,2025-09-15,332408,2061.66,07:16:04
365,TitanNetStream_891,User Activity,Endpoint Agent,2025-11-15,936557,717.08,02:04:19
366,SpecterThreatGrid_781,Threat Intelligence,Cloud API,2025-06-17,567136,3010.39,07:43:40
367,QuantumSecureFlow_651,Malware Analysis,Open Source,2025-11-07,66877,2364.22,22:14:10
368,ShadowDataForge_619,Firewall Events,Internal Sensor,2025-07-17,598072,2243.72,14:09:16
369,ShadowIntelHub_129,Threat Intelligence,Firewall Export,2025-10-04,692786,396.93,22:54:08
370,TitanSignalTrace_529,Network Logs,Endpoint Agent,2025-06-26,946786,3226.11,04:29:36
371,PhantomThreatGrid_628,Network Logs,Internal Sensor,2025-08-17,148858,2059.76,16:57:44
372,TitanNetStream_626,User Activity,Internal Sensor,2025-08-27,7106,4312.01,21:41:14
373,PhantomNetStream_449,Network Logs,SIEM System,2025-10-09,582827,4799.03,04:33:28
374,TitanIntelHub_548,User Activity,SIEM System,2025-06-19,393884,2918.01,23:57:50
375,VortexIntelHub_516,Security Alerts,Endpoint Agent,2025-09-14,579863,318.25,17:46:00
376,PhantomNetStream_379,Security Alerts,Cloud API,2025-06-27,187499,1670.9,09:22:38
377,CrimsonLogMatrix_523,Threat Intelligence,SIEM System,2025-09-23,981627,869.26,20:41:32
378,PhantomThreatGrid_640,Malware Analysis,Endpoint Agent,2025-09-07,888517,596.81,15:16:24
379,AegisCyberSphere_474,User Activity,Cloud API,2025-06-10,155002,1489.77,09:25:56
380,VortexLogMatrix_237,Network Logs,SIEM System,2025-09-03,715757,340.96,08:38:04
381,VortexSecureFlow_783,Threat Intelligence,Cloud API,2025-07-09,321819,1221.15,04:34:44
382,SpecterSignalTrace_901,Security Alerts,Open Source,2025-10-09,111682,2452.64,09:33:40
383,EclipseRiskVault_607,Firewall Events,Firewall Export,2025-09-04,541122,1142.45,11:38:31
384,VortexLogMatrix_541,Security Alerts,Cloud API,2025-06-07,191179,1394.23,19:05:02
385,NebulaSignalTrace_727,Security Alerts,Endpoint Agent,2025-10-29,56986,487.88,23:40:33
386,SpecterLogMatrix_840,User Activity,Open Source,2025-09-13,697537,4277.41,23:00:37
387,VortexCyberSphere_425,Malware Analysis,Cloud API,2025-10-07,86169,787.42,12:41:26
388,NebulaNetStream_717,Threat Intelligence,Internal Sensor,2025-07-18,7998,222.18,10:30:24
389,CrimsonThreatGrid_772,Firewall Events,Firewall Export,2025-06-09,141454,1844.65,17:55:41
390,PhantomDataForge_578,Threat Intelligence,Endpoint Agent,2025-10-10,111545,4331.15,04:24:54
391,TitanSecureFlow_561,Firewall Events,Firewall Export,2025-06-06,323692,42.96,14:34:44
392,QuantumDataForge_537,Firewall Events,Endpoint Agent,2025-09-20,667363,3342.73,22:20:55
393,QuantumSecureFlow_120,Firewall Events,SIEM System,2025-09-27,286923,490.39,00:38:10
394,VortexLogMatrix_389,Security Alerts,Internal Sensor,2025-08-13,480882,474.93,20:23:19
395,EclipseRiskVault_994,User Activity,Internal Sensor,2025-11-17,842431,4147.49,22:35:00
396,VortexThreatGrid_729,User Activity,Firewall Export,2025-11-17,577753,1661.15,21:41:04
397,AegisSignalTrace_768,Malware Analysis,Cloud API,2025-10-30,942499,729.15,15:17:08
398,AegisDataForge_899,User Activity,Open Source,2025-08-25,236800,3465.61,01:24:12
399,QuantumSecureFlow_466,Security Alerts,Internal Sensor,2025-06-10,632977,2100.73,03:11:48
400,QuantumPacketCore_827,Security Alerts,Firewall Export,2025-10-18,817147,4774.26,13:04:09
401,NebulaIntelHub_967,Threat Intelligence,Endpoint Agent,2025-07-10,856737,4037.13,06:01:12
402,NebulaLogMatrix_191,Network Logs,Firewall Export,2025-09-26,364121,2880.69,03:39:56
403,AegisThreatGrid_836,Malware Analysis,Internal Sensor,2025-07-23,700125,2339.49,02:07:56
404,NebulaRiskVault_757,Threat Intelligence,SIEM System,2025-08-31,483189,2037.9,22:20:42
405,AegisThreatGrid_536,Security Alerts,Endpoint Agent,2025-06-21,882533,4775.98,09:39:44
406,TitanRiskVault_884,Security Alerts,Firewall Export,2025-06-23,734769,1623.48,11:12:00
407,VortexSecureFlow_545,Threat Intelligence,Firewall Export,2025-06-06,658571,3638.01,11:22:16
408,VortexSignalTrace_387,Firewall Events,Cloud API,2025-07-16,445305,4382.91,03:05:48
409,TitanDataForge_195,Network Logs,Cloud API,2025-11-20,396236,3543.61,16:36:14
410,CrimsonIntelHub_708,Threat Intelligence,Open Source,2025-07-20,264226,712.67,07:25:36
411,CrimsonIntelHub_187,Security Alerts,Internal Sensor,2025-06-02,644375,3791.84,11:10:04
412,SpecterCyberSphere_312,Firewall Events,Cloud API,2025-07-24,966434,1559.53,21:26:49
413,ShadowPacketCore_718,Malware Analysis,Firewall Export,2025-07-17,498343,4887.5,03:44:41
414,PhantomThreatGrid_381,Security Alerts,Internal Sensor,2025-10-01,329819,156.73,06:23:16
415,ShadowSecureFlow_365,Security Alerts,Cloud API,2025-07-04,100533,1698.24,14:34:22
416,AegisCyberSphere_538,Threat Intelligence,Internal Sensor,2025-08-17,986305,822.55,21:02:24
417,ShadowRiskVault_904,Security Alerts,Firewall Export,2025-09-27,417513,76.56,05:30:08
418,VortexRiskVault_120,Malware Analysis,Cloud API,2025-07-30,381363,1499.32,14:10:52
419,SpecterNetStream_704,Threat Intelligence,Open Source,2025-11-05,996706,909.09,09:11:14
420,EclipseIntelHub_920,Threat Intelligence,SIEM System,2025-08-13,343613,4434.46,20:14:04
421,AegisCyberSphere_815,Threat Intelligence,SIEM System,2025-08-06,928466,4838.05,12:11:59
422,AegisCyberSphere_206,Threat Intelligence,Cloud API,2025-06-26,318685,4448.87,16:29:51
423,QuantumDataForge_837,Malware Analysis,Internal Sensor,2025-11-21,521645,601.38,10:39:00
424,QuantumDataForge_678,Malware Analysis,Cloud API,2025-07-14,661437,3564.64,14:48:40
425,VortexIntelHub_270,Threat Intelligence,Cloud API,2025-09-11,450081,1254.16,07:28:32
426,AegisIntelHub_728,Network Logs,Internal Sensor,2025-11-22,688985,4981.59,11:26:24
427,NebulaDataForge_526,Security Alerts,Firewall Export,2025-06-29,385899,1464.95,01:28:44
428,AegisRiskVault_855,Network Logs,SIEM System,2025-08-07,404366,3269.27,20:13:56
429,ShadowSecureFlow_814,Firewall Events,Endpoint Agent,2025-07-21,4690,3589.86,21:11:04
430,TitanLogMatrix_417,Firewall Events,SIEM System,2025-09-02,95387,364.58,08:54:26
431,AegisSignalTrace_632,Threat Intelligence,Open Source,2025-08-30,143309,514.45,06:34:38
432,NebulaThreatGrid_369,Security Alerts,Open Source,2025-10-27,58986,509.26,18:07:30
433,SpecterSecureFlow_149,Network Logs,Internal Sensor,2025-08-03,413456,1249.47,19:15:19
434,QuantumRiskVault_511,Threat Intelligence,Open Source,2025-07-13,328576,2500.06,19:11:58
435,NebulaPacketCore_880,Firewall Events,SIEM System,2025-07-01,933484,3408.3,03:50:44
436,VortexRiskVault_323,User Activity,Internal Sensor,2025-08-29,236168,852.01,17:45:26
437,TitanThreatGrid_310,User Activity,Internal Sensor,2025-06-17,266455,4947.26,20:29:46
438,TitanRiskVault_166,Network Logs,Cloud API,2025-06-23,700083,2229.87,23:00:12
439,QuantumCyberSphere_896,User Activity,Firewall Export,2025-09-05,279181,1929.13,21:50:12
440,EclipseNetStream_115,Security Alerts,Cloud API,2025-08-21,57089,1662.42,07:14:20
441,NebulaIntelHub_221,Firewall Events,SIEM System,2025-08-17,312519,1080.32,14:40:44
442,ShadowPacketCore_840,Threat Intelligence,Cloud API,2025-08-30,366161,535.07,22:06:49
443,CrimsonSecureFlow_691,Threat Intelligence,Open Source,2025-10-19,647561,2520.3,06:33:24
444,TitanThreatGrid_868,Malware Analysis,Internal Sensor,2025-08-26,38005,4224.71,15:01:54
445,VortexLogMatrix_997,User Activity,SIEM System,2025-11-21,856734,39.91,17:48:54
446,VortexDataForge_717,Malware Analysis,SIEM System,2025-11-14,367111,383.39,16:55:24
447,NebulaNetStream_218,Firewall Events,Firewall Export,2025-08-24,326201,3483.13,04:51:40
448,SpecterSignalTrace_112,Malware Analysis,Endpoint Agent,2025-07-16,144082,518.68,06:02:12
449,PhantomSignalTrace_473,User Activity,Open Source,2025-08-12,90095,2856.11,01:41:24
450,PhantomDataForge_348,Security Alerts,Endpoint Agent,2025-07-26,609013,3437.19,21:00:21
451,ShadowCyberSphere_722,Firewall Events,Internal Sensor,2025-07-10,421023,2133.22,13:41:08
452,AegisSecureFlow_858,User Activity,Open Source,2025-10-23,407848,1018.12,08:26:24
453,EclipseNetStream_863,Threat Intelligence,SIEM System,2025-08-04,683666,3007.73,00:18:30
454,VortexSignalTrace_450,Network Logs,Firewall Export,2025-11-04,581487,3020.44,05:59:48
455,ShadowCyberSphere_441,Threat Intelligence,Cloud API,2025-07-21,480192,2439.19,23:20:26
456,TitanNetStream_907,Security Alerts,Internal Sensor,2025-11-16,423939,4087.35,12:30:18
457,EclipseCyberSphere_525,Malware Analysis,Internal Sensor,2025-09-16,707144,4079.12,03:06:08
458,AegisRiskVault_834,Malware Analysis,Open Source,2025-10-16,622052,4774.27,03:47:44
459,EclipseLogMatrix_686,User Activity,Firewall Export,2025-10-19,874697,2539.62,20:57:24
460,VortexIntelHub_202,User Activity,Open Source,2025-06-09,752885,2417.26,11:59:54
461,ShadowSecureFlow_917,Firewall Events,Open Source,2025-10-09,845458,3686.52,00:51:50
462,CrimsonCyberSphere_137,Firewall Events,Internal Sensor,2025-07-27,723826,848.31,08:55:27
463,NebulaRiskVault_464,User Activity,Cloud API,2025-08-09,198835,131.77,17:15:20
464,PhantomCyberSphere_164,User Activity,Open Source,2025-07-09,24650,205.01,08:09:49
465,CrimsonDataForge_111,Threat Intelligence,Internal Sensor,2025-06-22,52614,1829.07,14:01:02
466,ShadowCyberSphere_655,Security Alerts,Firewall Export,2025-07-17,889508,2074.63,00:55:14
467,ShadowIntelHub_222,Network Logs,Internal Sensor,2025-09-26,161930,1778.87,03:24:04
468,PhantomPacketCore_560,Network Logs,Internal Sensor,2025-07-04,544494,4826.15,11:22:28
469,PhantomSecureFlow_840,Malware Analysis,SIEM System,2025-06-13,759697,1905.38,02:25:09
470,VortexCyberSphere_232,User Activity,Endpoint Agent,2025-10-26,75667,4850.21,02:34:12
471,NebulaCyberSphere_913,Security Alerts,Open Source,2025-08-24,677282,3684.69,04:58:44
472,SpecterThreatGrid_753,Network Logs,Firewall Export,2025-06-12,814155,1097.68,03:38:44
473,TitanPacketCore_335,Firewall Events,Cloud API,2025-08-25,642007,2335.8,15:27:02
474,EclipseSecureFlow_878,Network Logs,Internal Sensor,2025-07-11,770265,4811.75,09:45:02
475,NebulaCyberSphere_780,Network Logs,Cloud API,2025-10-13,245071,1187.72,14:34:21
476,AegisIntelHub_940,Threat Intelligence,SIEM System,2025-10-16,586106,1126.31,23:51:41
477,NebulaPacketCore_955,User Activity,Open Source,2025-09-29,561259,2499.17,22:40:30
478,QuantumNetStream_541,Threat Intelligence,Internal Sensor,2025-06-28,232757,4849.07,20:25:56
479,ShadowCyberSphere_777,Security Alerts,Cloud API,2025-11-17,353864,3162.59,01:00:44
480,PhantomCyberSphere_871,Network Logs,Endpoint Agent,2025-09-09,319006,4080.36,04:33:44
481,QuantumCyberSphere_986,Malware Analysis,Endpoint Agent,2025-06-24,211105,604.46,00:37:09
482,ShadowLogMatrix_424,Firewall Events,Internal Sensor,2025-10-31,521150,2001.03,04:40:26
483,TitanRiskVault_908,Threat Intelligence,Endpoint Agent,2025-06-28,454804,4013.9,23:40:28
484,NebulaThreatGrid_565,Network Logs,Cloud API,2025-10-10,991121,3656.65,09:56:44
485,EclipseSignalTrace_330,Firewall Events,Open Source,2025-09-03,214480,919.78,15:50:20
486,SpecterNetStream_148,Malware Analysis,Firewall Export,2025-10-20,279706,1465.34,04:54:44
487,PhantomCyberSphere_967,Threat Intelligence,Internal Sensor,2025-11-01,790978,4433.1,15:10:44
488,ShadowDataForge_372,Malware Analysis,Internal Sensor,2025-07-20,937860,3381.71,05:59:44
489,ShadowSecureFlow_344,Firewall Events,Internal Sensor,2025-09-22,813979,352.86,05:07:04
490,SpecterSecureFlow_778,Threat Intelligence,Internal Sensor,2025-10-31,400842,3820.76,09:16:09
491,ShadowThreatGrid_643,Threat Intelligence,Cloud API,2025-07-07,517179,1368.55,17:26:32
492,ShadowIntelHub_382,Security Alerts,Internal Sensor,2025-08-11,677351,225.54,09:21:04
493,TitanLogMatrix_500,Network Logs,Open Source,2025-10-10,508683,3863.53,04:45:44
494,ShadowIntelHub_385,Malware Analysis,SIEM System,2025-11-02,482365,3801.89,02:32:28
495,EclipseLogMatrix_351,User Activity,SIEM System,2025-08-11,306300,1837.09,23:25:56
496,AegisSecureFlow_275,User Activity,Open Source,2025-07-08,828520,4415.34,12:54:29
497,ShadowSecureFlow_379,User Activity,Firewall Export,2025-10-18,75173,3573.79,11:10:44
498,CrimsonPacketCore_758,Malware Analysis,Endpoint Agent,2025-10-01,335568,1666.67,14:13:40
499,ShadowLogMatrix_755,Security Alerts,SIEM System,2025-10-01,255816,4436.23,12:28:20
500,PhantomNetStream_358,Malware Analysis,Internal Sensor,2025-10-17,462467,4985.73,16:59:08
501,VortexPacketCore_859,Network Logs,SIEM System,2025-09-16,444531,2556.29,13:28:41
502,ShadowRiskVault_789,Threat Intelligence,Internal Sensor,2025-07-30,452859,189.85,01:35:54
503,NebulaRiskVault_521,Security Alerts,Endpoint Agent,2025-09-03,380561,573.42,00:00:03
504,EclipseNetStream_235,Malware Analysis,Endpoint Agent,2025-07-09,499993,1140.66,10:50:44
505,AegisIntelHub_362,Network Logs,Open Source,2025-06-12,365853,2201.89,09:24:26
506,EclipseDataForge_981,Firewall Events,Internal Sensor,2025-10-10,255530,3443.84,01:09:13
507,TitanDataForge_446,Malware Analysis,Endpoint Agent,2025-10-07,919313,2697.93,18:34:32
508,QuantumRiskVault_615,Malware Analysis,Internal Sensor,2025-11-11,607001,4180.13,18:23:05
509,EclipseNetStream_202,Malware Analysis,Firewall Export,2025-10-16,515609,3236.06,07:42:39
510,TitanCyberSphere_375,Firewall Events,SIEM System,2025-11-17,258576,3577.36,13:14:32
511,TitanCyberSphere_566,User Activity,Open Source,2025-10-03,57535,3897.0,03:47:33
512,TitanThreatGrid_964,User Activity,Cloud API,2025-09-30,167932,3004.82,02:52:14
513,VortexNetStream_956,Network Logs,SIEM System,2025-09-30,223270,2748.53,11:46:59
514,VortexNetStream_471,Malware Analysis,Open Source,2025-10-02,530003,1938.29,23:39:26
515,NebulaNetStream_642,Threat Intelligence,Internal Sensor,2025-11-05,572801,2821.68,10:08:28
516,NebulaThreatGrid_399,Threat Intelligence,Internal Sensor,2025-07-08,326846,4148.44,22:48:29
517,QuantumPacketCore_721,Security Alerts,Endpoint Agent,2025-08-22,408951,266.18,13:45:33
518,VortexDataForge_888,User Activity,Internal Sensor,2025-07-20,535459,3576.0,13:37:56
519,AegisCyberSphere_398,User Activity,Internal Sensor,2025-06-18,250665,411.56,21:41:35
520,CrimsonSecureFlow_101,Firewall Events,Open Source,2025-08-15,133710,3136.34,02:00:14
521,TitanRiskVault_455,Network Logs,SIEM System,2025-10-07,490572,4829.18,04:09:49
522,ShadowLogMatrix_502,User Activity,Endpoint Agent,2025-07-17,504587,3634.54,15:35:08
523,SpecterSecureFlow_662,Firewall Events,Cloud API,2025-06-06,312732,350.35,19:41:05
524,AegisRiskVault_978,Threat Intelligence,Endpoint Agent,2025-08-04,324449,4352.99,04:23:54
525,EclipseSignalTrace_209,Network Logs,Endpoint Agent,2025-10-29,462709,261.88,13:43:16
526,AegisLogMatrix_352,Firewall Events,Endpoint Agent,2025-06-08,146189,4616.36,11:26:26
527,AegisCyberSphere_922,User Activity,Firewall Export,2025-08-31,393378,181.79,05:13:38
528,CrimsonLogMatrix_146,Threat Intelligence,Internal Sensor,2025-09-07,431174,3820.62,06:07:28
529,PhantomRiskVault_193,Firewall Events,Cloud API,2025-10-27,391080,3877.1,22:41:18
530,QuantumCyberSphere_474,User Activity,Internal Sensor,2025-06-11,401510,2001.82,04:59:09
531,NebulaCyberSphere_167,Malware Analysis,Open Source,2025-10-24,578799,1184.45,13:57:25
532,VortexIntelHub_711,Malware Analysis,Firewall Export,2025-09-18,284832,2906.18,08:28:56
533,AegisPacketCore_973,User Activity,Internal Sensor,2025-06-25,582270,4319.3,21:46:44
534,VortexThreatGrid_892,Security Alerts,Cloud API,2025-07-24,186813,4166.35,23:21:26
535,QuantumPacketCore_407,Network Logs,SIEM System,2025-06-24,674677,1950.03,09:42:54
536,SpecterCyberSphere_717,Malware Analysis,Cloud API,2025-10-26,761762,4481.96,01:25:44
537,NebulaIntelHub_566,Network Logs,Internal Sensor,2025-06-09,937654,1216.05,03:07:29
538,TitanDataForge_659,Firewall Events,Firewall Export,2025-11-20,788845,4675.3,15:06:59
539,AegisCyberSphere_509,Threat Intelligence,Cloud API,2025-10-15,163988,1219.4,00:11:08
540,EclipseThreatGrid_285,Firewall Events,SIEM System,2025-08-03,179825,1766.91,06:56:50
541,NebulaDataForge_741,Malware Analysis,Open Source,2025-06-18,558563,1137.96,19:22:20
542,PhantomThreatGrid_308,Firewall Events,Cloud API,2025-07-07,54382,4515.49,12:38:41
543,ShadowNetStream_911,Malware Analysis,Internal Sensor,2025-06-15,910422,1509.71,00:37:34
544,PhantomPacketCore_985,Firewall Events,Internal Sensor,2025-08-11,259503,3146.23,15:20:06
545,ShadowPacketCore_825,User Activity,Cloud API,2025-11-20,34982,4725.23,00:26:24
546,VortexPacketCore_608,Security Alerts,Open Source,2025-09-15,377475,284.29,22:13:56
547,CrimsonSignalTrace_389,Security Alerts,SIEM System,2025-11-18,188051,2693.41,02:58:43
548,QuantumSecureFlow_829,Firewall Events,Endpoint Agent,2025-11-18,41356,2657.96,07:20:46
549,ShadowThreatGrid_960,Firewall Events,Firewall Export,2025-10-01,247087,3382.72,06:44:05
550,ShadowLogMatrix_744,Threat Intelligence,Endpoint Agent,2025-10-07,400803,335.74,05:30:44
551,SpecterIntelHub_407,Firewall Events,SIEM System,2025-08-24,696418,1161.96,10:11:00
552,EclipseIntelHub_561,User Activity,SIEM System,2025-06-26,927207,1267.49,00:36:44
553,QuantumRiskVault_737,Firewall Events,Internal Sensor,2025-06-07,376859,3188.53,15:23:54
554,TitanCyberSphere_638,Network Logs,SIEM System,2025-08-29,992444,753.63,13:20:24
555,TitanRiskVault_889,Malware Analysis,SIEM System,2025-10-03,176451,221.24,21:31:14
556,TitanNetStream_743,Firewall Events,Endpoint Agent,2025-09-07,182726,1676.67,06:00:34
557,ShadowSignalTrace_536,Threat Intelligence,Firewall Export,2025-10-10,585495,2140.91,07:41:49
558,ShadowPacketCore_497,Firewall Events,SIEM System,2025-10-02,378601,1150.07,03:04:20
559,EclipseSignalTrace_765,Security Alerts,Internal Sensor,2025-09-02,61460,8.67,03:32:34
560,CrimsonSignalTrace_202,Threat Intelligence,Cloud API,2025-10-18,893455,268.08,11:01:20
561,QuantumLogMatrix_331,Threat Intelligence,Open Source,2025-08-23,620438,4948.86,07:26:32
562,SpecterCyberSphere_488,Firewall Events,Open Source,2025-09-17,795592,1088.55,14:14:44
563,SpecterNetStream_860,Threat Intelligence,Internal Sensor,2025-08-17,845273,3078.14,03:33:35
564,NebulaLogMatrix_360,Firewall Events,Internal Sensor,2025-06-06,128620,691.01,12:02:08
565,TitanNetStream_734,Malware Analysis,SIEM System,2025-07-29,502251,2558.71,09:00:14
566,TitanCyberSphere_196,Security Alerts,Cloud API,2025-09-08,139803,4637.99,21:53:55
567,CrimsonDataForge_455,Network Logs,SIEM System,2025-08-02,685893,993.22,20:56:14
568,ShadowIntelHub_888,Threat Intelligence,Cloud API,2025-10-31,996207,19.28,18:03:44
569,CrimsonCyberSphere_239,Malware Analysis,Endpoint Agent,2025-06-03,833658,4635.62,04:18:40
570,QuantumRiskVault_191,Malware Analysis,Open Source,2025-09-12,698355,1380.14,20:47:14
571,ShadowSecureFlow_993,Network Logs,Open Source,2025-09-28,914749,4529.61,12:18:25
572,QuantumNetStream_331,Network Logs,Cloud API,2025-11-09,639751,1466.9,18:48:52
573,ShadowRiskVault_755,Firewall Events,SIEM System,2025-06-13,169590,4613.18,18:39:56
574,SpecterRiskVault_691,Threat Intelligence,Cloud API,2025-09-21,447592,832.98,01:29:59
575,TitanThreatGrid_393,Network Logs,Endpoint Agent,2025-11-14,951792,4787.11,12:11:56
576,TitanLogMatrix_855,User Activity,Endpoint Agent,2025-11-16,191127,1273.15,00:29:59
577,CrimsonSignalTrace_319,Malware Analysis,Endpoint Agent,2025-11-09,519057,3644.31,19:54:34
578,ShadowCyberSphere_160,Malware Analysis,Open Source,2025-08-14,385295,2006.84,17:10:04
579,CrimsonDataForge_207,Security Alerts,Endpoint Agent,2025-10-16,898833,1789.85,10:56:12
580,AegisCyberSphere_670,Threat Intelligence,Firewall Export,2025-08-21,17854,949.32,01:19:20
581,NebulaThreatGrid_771,Security Alerts,Open Source,2025-11-19,722183,4092.1,16:59:04
582,AegisLogMatrix_887,User Activity,SIEM System,2025-06-08,310930,592.89,11:16:20
583,EclipseSignalTrace_244,Firewall Events,Open Source,2025-11-19,596107,1259.95,06:55:54
584,NebulaIntelHub_819,Network Logs,Cloud API,2025-08-07,35380,3372.43,16:31:12
585,QuantumSecureFlow_207,Threat Intelligence,Open Source,2025-11-12,74090,4448.36,13:13:26
586,CrimsonIntelHub_883,User Activity,SIEM System,2025-06-26,395985,761.45,21:53:20
587,PhantomSignalTrace_368,Security Alerts,Open Source,2025-09-14,850911,3198.06,01:15:34
588,PhantomRiskVault_522,Security Alerts,Firewall Export,2025-10-15,493146,1844.68,17:36:36
589,QuantumCyberSphere_601,Network Logs,Cloud API,2025-09-25,270350,4630.03,17:00:44
590,QuantumNetStream_915,Security Alerts,Endpoint Agent,2025-09-03,753492,458.06,06:40:50
591,QuantumCyberSphere_706,User Activity,Cloud API,2025-11-01,524308,513.18,07:07:05
592,ShadowIntelHub_196,Security Alerts,Open Source,2025-08-12,83917,3201.13,16:08:14
593,ShadowNetStream_240,Threat Intelligence,SIEM System,2025-11-06,287197,4782.96,19:26:56
594,PhantomNetStream_280,Malware Analysis,Open Source,2025-07-10,970684,1372.25,21:36:44
595,PhantomCyberSphere_366,Security Alerts,Endpoint Agent,2025-06-29,280749,1472.13,11:06:24
596,TitanIntelHub_404,Threat Intelligence,Internal Sensor,2025-09-22,34145,3810.56,01:50:20
597,NebulaIntelHub_467,User Activity,Endpoint Agent,2025-09-16,868877,2834.85,01:36:45
598,SpecterThreatGrid_634,Malware Analysis,Open Source,2025-11-13,210614,3339.47,10:55:52
599,PhantomNetStream_977,Network Logs,Endpoint Agent,2025-07-12,98094,4309.93,17:21:00
600,AegisThreatGrid_925,Network Logs,Endpoint Agent,2025-10-14,238961,2617.98,20:22:20
601,SpecterDataForge_875,Firewall Events,Firewall Export,2025-09-13,349565,3202.0,09:38:04
602,SpecterSecureFlow_914,Malware Analysis,Open Source,2025-06-01,700419,4217.53,16:47:08
603,ShadowThreatGrid_754,Threat Intelligence,Cloud API,2025-07-29,154011,3099.27,06:57:32
604,AegisSignalTrace_157,User Activity,Cloud API,2025-09-06,300903,2483.67,08:47:30
605,QuantumPacketCore_963,Threat Intelligence,SIEM System,2025-08-06,438860,2100.81,02:35:21
606,PhantomCyberSphere_193,Threat Intelligence,SIEM System,2025-09-08,404440,1411.09,08:35:44
607,PhantomDataForge_763,Threat Intelligence,Open Source,2025-10-19,870630,453.67,13:13:12
608,TitanIntelHub_257,Malware Analysis,Cloud API,2025-07-20,984223,4621.36,19:45:44
609,QuantumIntelHub_155,Threat Intelligence,SIEM System,2025-11-15,63423,3212.0,15:41:29
610,VortexRiskVault_125,Network Logs,Endpoint Agent,2025-09-21,234508,43.5,16:56:05
611,TitanSignalTrace_919,Malware Analysis,SIEM System,2025-10-13,660372,4759.63,15:18:56
612,TitanCyberSphere_183,Network Logs,Firewall Export,2025-08-04,45860,3856.42,20:01:26
613,AegisSignalTrace_938,Network Logs,Cloud API,2025-10-11,221611,1636.81,21:32:54
614,TitanNetStream_871,Threat Intelligence,SIEM System,2025-06-12,373444,4143.73,13:37:53
615,NebulaCyberSphere_584,Network Logs,Internal Sensor,2025-08-13,742630,4215.8,02:06:32
616,SpecterPacketCore_524,User Activity,Open Source,2025-09-15,440344,4247.66,17:01:42
617,VortexNetStream_945,User Activity,SIEM System,2025-08-22,58722,556.87,08:30:26
618,ShadowRiskVault_418,Security Alerts,Internal Sensor,2025-11-04,676090,2927.17,01:03:50
619,SpecterThreatGrid_422,Threat Intelligence,Firewall Export,2025-08-21,341264,2483.62,01:05:11
620,ShadowSignalTrace_304,Firewall Events,SIEM System,2025-11-04,262259,2613.92,13:18:44
621,PhantomIntelHub_306,Network Logs,Cloud API,2025-09-23,527332,2783.3,19:00:25
622,NebulaSecureFlow_905,Malware Analysis,SIEM System,2025-08-07,806062,2585.98,06:15:52
623,TitanIntelHub_721,Malware Analysis,Internal Sensor,2025-08-06,127275,1084.94,11:09:40
624,AegisIntelHub_725,Security Alerts,SIEM System,2025-10-08,738573,4056.79,17:37:51
625,AegisLogMatrix_714,Malware Analysis,Firewall Export,2025-10-23,707668,1064.85,00:25:56
626,PhantomThreatGrid_632,Threat Intelligence,Internal Sensor,2025-10-02,380514,1136.24,20:15:35
627,PhantomSignalTrace_622,Firewall Events,Endpoint Agent,2025-10-24,316173,2122.6,07:23:22
628,ShadowLogMatrix_210,Threat Intelligence,Internal Sensor,2025-10-25,786389,1705.55,17:35:39
629,CrimsonIntelHub_388,User Activity,Internal Sensor,2025-09-28,904014,3041.3,18:23:20
630,NebulaDataForge_495,Network Logs,Cloud API,2025-10-21,847664,1836.44,09:04:03
631,EclipseLogMatrix_486,User Activity,Open Source,2025-11-10,327676,656.67,14:31:56
632,NebulaLogMatrix_938,Security Alerts,SIEM System,2025-09-10,567786,3299.92,17:40:47
633,TitanCyberSphere_679,Network Logs,SIEM System,2025-07-15,757655,2040.69,07:22:58
634,QuantumDataForge_372,Firewall Events,SIEM System,2025-09-30,15293,4728.99,09:17:49
635,EclipseNetStream_546,Network Logs,Endpoint Agent,2025-11-17,650821,3934.9,15:23:44
636,NebulaCyberSphere_942,User Activity,Cloud API,2025-06-03,830180,4430.79,05:16:28
637,QuantumRiskVault_599,Threat Intelligence,Internal Sensor,2025-11-20,850644,2821.52,04:41:44
638,ShadowLogMatrix_482,Threat Intelligence,Internal Sensor,2025-08-26,354784,3518.28,15:25:57
639,AegisLogMatrix_497,User Activity,Firewall Export,2025-10-09,424085,4005.92,22:34:44
640,AegisIntelHub_266,Firewall Events,Internal Sensor,2025-10-15,53465,3794.69,02:11:48
641,QuantumPacketCore_549,Network Logs,Endpoint Agent,2025-09-16,442118,4040.15,08:28:59
642,AegisNetStream_669,Network Logs,Open Source,2025-07-27,684588,1721.43,06:02:05
643,QuantumRiskVault_743,Firewall Events,Firewall Export,2025-07-08,46823,285.46,06:42:28
644,EclipseSignalTrace_884,Malware Analysis,Internal Sensor,2025-09-10,757616,2458.21,16:59:11
645,PhantomNetStream_417,Threat Intelligence,Endpoint Agent,2025-10-15,532879,1309.15,09:48:44
646,TitanIntelHub_755,User Activity,Firewall Export,2025-06-27,393626,3458.22,16:19:18
647,NebulaDataForge_136,Network Logs,Endpoint Agent,2025-08-20,45048,2633.7,17:12:17
648,VortexSignalTrace_967,Firewall Events,SIEM System,2025-06-26,232531,1947.52,09:40:50
649,CrimsonSignalTrace_385,User Activity,SIEM System,2025-07-04,776357,22.56,11:33:42
650,PhantomSecureFlow_998,Threat Intelligence,Open Source,2025-06-29,173902,2564.11,16:12:44
651,VortexRiskVault_549,Firewall Events,Cloud API,2025-11-01,178855,1281.57,16:25:48
652,SpecterLogMatrix_345,Threat Intelligence,SIEM System,2025-07-09,308982,1316.68,00:25:08
653,SpecterSignalTrace_409,Network Logs,Endpoint Agent,2025-10-09,976206,597.24,18:25:32
654,VortexSignalTrace_306,Malware Analysis,Firewall Export,2025-06-08,685484,1897.44,03:09:08
655,SpecterThreatGrid_110,Malware Analysis,Open Source,2025-11-02,20569,3856.44,22:09:18
656,TitanRiskVault_666,User Activity,Firewall Export,2025-06-19,987676,2201.4,19:02:49
657,VortexNetStream_483,Firewall Events,Open Source,2025-10-12,682517,3238.65,01:12:15
658,EclipseNetStream_599,Network Logs,Internal Sensor,2025-10-08,694027,4266.23,03:23:42
659,CrimsonCyberSphere_726,User Activity,Cloud API,2025-11-11,177252,1845.48,15:48:20
660,PhantomIntelHub_446,Firewall Events,SIEM System,2025-06-21,836661,245.1,00:45:53
661,AegisSecureFlow_842,Firewall Events,Firewall Export,2025-11-06,518535,4079.54,16:46:28
662,SpecterSignalTrace_512,Network Logs,Cloud API,2025-06-21,61240,1498.45,23:09:40
663,CrimsonCyberSphere_686,User Activity,Internal Sensor,2025-09-17,181486,269.25,07:53:32
664,TitanPacketCore_675,Network Logs,SIEM System,2025-08-05,239253,1461.18,16:22:26
665,CrimsonLogMatrix_240,Security Alerts,SIEM System,2025-08-18,36147,1135.05,17:42:20
666,AegisCyberSphere_678,Malware Analysis,Firewall Export,2025-10-02,739136,413.1,15:50:44
667,NebulaSignalTrace_425,User Activity,Cloud API,2025-08-20,278718,4513.45,04:27:20
668,SpecterRiskVault_790,Security Alerts,SIEM System,2025-07-29,783377,4877.31,20:03:44
669,PhantomCyberSphere_539,Malware Analysis,Cloud API,2025-06-04,639378,4637.16,08:03:50
670,NebulaDataForge_402,Malware Analysis,Open Source,2025-07-10,346739,2726.23,12:53:40
671,QuantumRiskVault_691,Security Alerts,Internal Sensor,2025-08-13,218196,4619.09,12:37:46
672,EclipseThreatGrid_291,Network Logs,Open Source,2025-08-10,344447,29.24,05:34:57
673,EclipseCyberSphere_440,User Activity,Firewall Export,2025-07-05,762318,693.81,03:56:54
674,PhantomPacketCore_413,Firewall Events,Firewall Export,2025-09-25,884424,3061.46,03:00:44
675,EclipseThreatGrid_280,Security Alerts,Endpoint Agent,2025-06-19,195949,3581.6,05:35:48
676,TitanPacketCore_578,Network Logs,Open Source,2025-10-05,283339,4021.7,10:57:26
677,AegisThreatGrid_652,Malware Analysis,Endpoint Agent,2025-06-20,33935,2029.12,23:31:29
678,NebulaSecureFlow_727,Threat Intelligence,SIEM System,2025-05-31,97565,2624.16,07:31:58
679,PhantomCyberSphere_612,User Activity,Cloud API,2025-10-25,351051,2292.31,08:33:08
680,CrimsonCyberSphere_362,Threat Intelligence,Cloud API,2025-09-26,423480,4150.95,04:13:38
681,VortexDataForge_480,User Activity,Open Source,2025-06-26,443537,588.47,02:28:58
682,ShadowPacketCore_901,Network Logs,Cloud API,2025-07-03,674157,2367.29,08:34:56
683,CrimsonIntelHub_750,Network Logs,SIEM System,2025-07-14,691137,1542.66,22:25:24
684,SpecterIntelHub_866,Security Alerts,Cloud API,2025-06-26,460715,3261.58,07:11:38
685,QuantumPacketCore_427,Malware Analysis,Open Source,2025-07-26,36075,3195.29,18:54:05
686,PhantomSecureFlow_936,Firewall Events,Internal Sensor,2025-09-23,662665,2265.94,08:20:14
687,PhantomSignalTrace_638,Network Logs,Open Source,2025-11-26,681982,1046.58,15:49:33
688,QuantumPacketCore_222,Threat Intelligence,Open Source,2025-09-18,526148,1747.43,00:16:14
689,CrimsonSecureFlow_386,User Activity,Open Source,2025-06-09,144178,492.64,10:23:22
690,PhantomDataForge_775,Network Logs,Open Source,2025-07-17,570504,3414.03,08:40:23
691,TitanThreatGrid_503,Network Logs,Cloud API,2025-06-25,234150,2930.0,03:38:02
692,QuantumCyberSphere_281,Network Logs,Cloud API,2025-09-24,84464,2137.35,08:27:48
693,TitanSecureFlow_334,Security Alerts,Firewall Export,2025-11-23,594707,4142.11,12:06:24
694,PhantomPacketCore_207,Network Logs,Open Source,2025-07-31,278902,547.03,01:08:01
695,CrimsonSignalTrace_681,Malware Analysis,Firewall Export,2025-10-11,835711,1933.81,21:31:14
696,AegisRiskVault_319,Threat Intelligence,Endpoint Agent,2025-08-31,236158,3580.51,09:07:45
697,CrimsonLogMatrix_148,User Activity,Firewall Export,2025-08-03,65070,1185.41,21:29:05
698,TitanSignalTrace_720,Security Alerts,Firewall Export,2025-10-04,641112,2802.74,10:03:56
699,CrimsonPacketCore_488,Malware Analysis,SIEM System,2025-06-18,24149,5.32,22:43:40
700,QuantumCyberSphere_306,Firewall Events,Open Source,2025-07-24,146917,4694.3,07:59:08
701,ShadowNetStream_902,User Activity,Endpoint Agent,2025-07-06,964636,4500.46,17:16:52
702,CrimsonPacketCore_404,Security Alerts,Internal Sensor,2025-08-12,928751,4951.61,09:35:52
703,NebulaDataForge_592,User Activity,Cloud API,2025-07-20,455531,2839.83,07:16:28
704,QuantumRiskVault_358,Malware Analysis,SIEM System,2025-07-27,167986,1344.18,08:55:38
705,ShadowSignalTrace_509,Malware Analysis,Internal Sensor,2025-08-26,27359,264.02,06:36:28
706,PhantomSignalTrace_895,User Activity,Internal Sensor,2025-10-29,363524,3061.91,12:46:04
707,EclipseThreatGrid_425,User Activity,Internal Sensor,2025-07-16,82926,1154.01,17:32:14
708,VortexIntelHub_409,Network Logs,Endpoint Agent,2025-11-24,344137,2747.51,09:25:47
709,QuantumDataForge_189,Firewall Events,SIEM System,2025-11-04,725638,4371.41,13:36:20
710,QuantumPacketCore_175,Security Alerts,Endpoint Agent,2025-10-01,250826,3262.95,00:42:35
711,TitanLogMatrix_572,Security Alerts,Open Source,2025-10-29,817032,98.35,16:03:29
712,NebulaNetStream_596,Malware Analysis,Cloud API,2025-09-25,231820,550.71,01:45:04
713,ShadowThreatGrid_783,User Activity,Endpoint Agent,2025-06-17,159088,264.4,15:58:50
714,ShadowIntelHub_406,Firewall Events,Internal Sensor,2025-08-26,272171,3508.27,18:34:29
715,TitanSignalTrace_979,Security Alerts,Open Source,2025-06-11,584282,4552.91,02:13:01
716,TitanSecureFlow_208,Firewall Events,Internal Sensor,2025-05-31,382070,2579.3,03:28:29
717,PhantomCyberSphere_499,Network Logs,Cloud API,2025-06-22,703058,3022.57,09:57:24
718,VortexCyberSphere_721,Network Logs,Internal Sensor,2025-06-02,544751,4658.07,05:05:06
719,VortexIntelHub_269,Security Alerts,Open Source,2025-11-06,183194,4774.95,08:05:12
720,PhantomLogMatrix_643,Network Logs,Endpoint Agent,2025-06-30,558824,4050.08,07:45:31
721,AegisPacketCore_579,Malware Analysis,SIEM System,2025-11-04,990867,2715.92,18:05:24
722,ShadowSignalTrace_256,Firewall Events,Firewall Export,2025-08-30,367784,1023.0,22:07:50
723,ShadowCyberSphere_739,Security Alerts,Open Source,2025-11-01,796333,4107.99,20:51:44
724,ShadowNetStream_714,Security Alerts,SIEM System,2025-09-30,264684,2068.25,00:59:20
725,NebulaSignalTrace_565,Network Logs,Firewall Export,2025-11-09,361209,2694.42,11:55:29
726,CrimsonIntelHub_884,User Activity,Endpoint Agent,2025-08-05,657715,181.66,06:37:19
727,AegisRiskVault_683,Network Logs,Internal Sensor,2025-09-29,867681,990.3,06:56:29
728,NebulaThreatGrid_889,Firewall Events,Firewall Export,2025-08-12,636702,1885.82,04:25:51
729,SpecterPacketCore_664,Security Alerts,Open Source,2025-11-09,244203,3325.03,20:08:27
730,ShadowCyberSphere_491,Network Logs,Internal Sensor,2025-09-25,869010,4711.38,20:02:44
731,NebulaIntelHub_427,Malware Analysis,Endpoint Agent,2025-10-26,154860,1503.94,20:37:29
732,NebulaSignalTrace_798,Threat Intelligence,Internal Sensor,2025-10-31,997946,2864.05,18:26:32
733,SpecterLogMatrix_767,User Activity,Endpoint Agent,2025-06-11,171865,4178.39,19:34:12
734,NebulaDataForge_478,Threat Intelligence,Open Source,2025-09-12,528189,1022.28,01:33:47
735,EclipseSignalTrace_985,Network Logs,Cloud API,2025-09-16,174518,1623.47,10:46:14
736,CrimsonCyberSphere_380,Network Logs,Cloud API,2025-06-16,426738,696.36,16:12:44
737,NebulaSecureFlow_238,Network Logs,Cloud API,2025-09-22,781412,4687.16,01:23:27
738,AegisPacketCore_467,Security Alerts,Cloud API,2025-11-10,789902,3850.84,18:48:50
739,TitanCyberSphere_751,Threat Intelligence,SIEM System,2025-07-18,501952,2966.81,01:33:33
740,NebulaLogMatrix_113,Firewall Events,Cloud API,2025-08-29,779047,4059.99,07:27:42
741,EclipseSignalTrace_655,Malware Analysis,Firewall Export,2025-11-25,453613,918.59,15:25:39
742,CrimsonDataForge_575,Firewall Events,Cloud API,2025-07-15,337144,1302.0,15:50:56
743,EclipseRiskVault_333,Threat Intelligence,SIEM System,2025-06-17,622239,1340.59,19:37:35
744,EclipseNetStream_934,Malware Analysis,Cloud API,2025-11-09,101894,3151.11,06:47:32
745,PhantomRiskVault_641,Malware Analysis,Open Source,2025-08-14,175449,3536.5,02:28:02
746,PhantomLogMatrix_566,Network Logs,Open Source,2025-10-12,477741,4151.86,07:45:52
747,NebulaSignalTrace_131,Security Alerts,Open Source,2025-10-25,548401,855.25,13:54:59
748,QuantumIntelHub_515,Network Logs,Open Source,2025-07-09,264378,4369.11,20:29:00
749,ShadowPacketCore_297,Malware Analysis,Cloud API,2025-09-10,611330,3525.93,03:11:48
750,ShadowThreatGrid_286,User Activity,Internal Sensor,2025-09-15,820018,2808.88,05:54:07
751,ShadowThreatGrid_738,Security Alerts,Firewall Export,2025-07-17,911260,1199.72,00:25:35
752,TitanThreatGrid_654,Network Logs,Firewall Export,2025-10-21,58464,421.18,16:52:07
753,CrimsonSignalTrace_776,Network Logs,Firewall Export,2025-08-31,912244,2613.83,01:32:28
754,EclipseNetStream_903,User Activity,Cloud API,2025-10-20,192057,1460.31,04:27:15
755,PhantomLogMatrix_495,Threat Intelligence,Open Source,2025-06-08,985057,2312.1,12:42:44
756,PhantomPacketCore_513,Network Logs,Open Source,2025-08-04,747969,366.71,18:27:29
757,ShadowIntelHub_649,User Activity,Firewall Export,2025-07-23,519231,3973.39,22:00:48
758,EclipseSecureFlow_497,Security Alerts,Cloud API,2025-06-05,237086,3216.38,05:21:32
759,EclipseSecureFlow_787,Network Logs,Cloud API,2025-10-12,927721,2020.33,15:43:56
760,VortexPacketCore_501,User Activity,Cloud API,2025-11-24,609727,1379.6,20:30:58
761,EclipseSignalTrace_601,Threat Intelligence,Open Source,2025-07-13,162884,1195.88,22:18:44
762,EclipseSecureFlow_211,Network Logs,Cloud API,2025-10-09,336505,3595.89,06:49:20
763,VortexRiskVault_274,Security Alerts,Firewall Export,2025-06-05,185688,2344.55,09:55:24
764,ShadowNetStream_428,User Activity,Cloud API,2025-11-18,265585,510.82,01:29:24
765,NebulaIntelHub_480,Threat Intelligence,Endpoint Agent,2025-09-14,877167,2739.63,03:26:44
766,SpecterRiskVault_629,User Activity,Open Source,2025-06-14,401762,2279.79,06:53:18
767,VortexLogMatrix_141,Malware Analysis,Cloud API,2025-09-29,245453,3631.11,03:19:48
768,ShadowLogMatrix_678,User Activity,Firewall Export,2025-08-08,123488,235.96,04:48:44
769,CrimsonSignalTrace_324,Threat Intelligence,Endpoint Agent,2025-09-25,723787,2598.65,13:25:40
770,PhantomSecureFlow_763,Malware Analysis,Open Source,2025-07-24,973421,2712.58,14:37:34
771,CrimsonNetStream_244,Network Logs,Open Source,2025-07-10,231257,1041.85,01:38:00
772,CrimsonSecureFlow_517,Malware Analysis,Open Source,2025-08-13,13006,3388.43,08:05:49
773,CrimsonSecureFlow_750,Security Alerts,Firewall Export,2025-11-15,581047,4383.18,12:05:38
774,PhantomCyberSphere_588,Network Logs,Open Source,2025-07-19,476268,1362.55,02:48:44
775,AegisIntelHub_304,Security Alerts,Open Source,2025-10-28,301016,258.87,15:43:00
776,VortexRiskVault_964,Malware Analysis,Firewall Export,2025-11-09,614920,1676.83,00:55:55
777,CrimsonRiskVault_666,User Activity,Firewall Export,2025-08-24,226943,4075.28,23:12:09
778,TitanThreatGrid_403,Firewall Events,SIEM System,2025-06-28,789285,4609.38,06:22:48
779,PhantomDataForge_332,User Activity,Internal Sensor,2025-11-09,703984,2878.48,00:26:41
780,NebulaRiskVault_679,User Activity,Cloud API,2025-11-26,840178,1919.71,00:11:44
781,AegisSecureFlow_966,Malware Analysis,Cloud API,2025-10-09,180809,2475.84,06:33:20
782,AegisSecureFlow_459,Firewall Events,Open Source,2025-07-21,269475,3538.37,00:28:56
783,QuantumRiskVault_949,Network Logs,Cloud API,2025-10-22,377761,2923.61,06:11:05
784,NebulaDataForge_676,Malware Analysis,Endpoint Agent,2025-11-22,657727,749.56,14:49:23
785,NebulaPacketCore_719,Firewall Events,Endpoint Agent,2025-09-20,8475,1263.3,04:01:48
786,SpecterPacketCore_331,Network Logs,Endpoint Agent,2025-11-17,568430,1562.85,07:52:38
787,EclipseCyberSphere_307,Firewall Events,Open Source,2025-06-22,821294,1067.27,13:04:44
788,PhantomDataForge_216,User Activity,Open Source,2025-10-16,588764,70.51,06:26:41
789,PhantomSignalTrace_407,Security Alerts,Internal Sensor,2025-09-24,836733,2749.85,06:03:42
790,SpecterPacketCore_690,Security Alerts,Cloud API,2025-11-26,140466,1348.31,19:17:52
791,ShadowSignalTrace_518,Security Alerts,Open Source,2025-11-10,698419,3418.46,11:39:28
792,AegisLogMatrix_489,Firewall Events,Endpoint Agent,2025-11-13,399378,4612.63,06:50:43
793,CrimsonIntelHub_642,Network Logs,SIEM System,2025-08-15,994049,2587.28,13:34:36
794,NebulaRiskVault_255,User Activity,SIEM System,2025-09-09,843398,2027.58,17:30:28
795,EclipseSecureFlow_200,Network Logs,Cloud API,2025-11-22,857222,4073.86,08:28:20
796,NebulaCyberSphere_417,Security Alerts,Firewall Export,2025-07-21,968958,4789.12,09:44:32
797,AegisDataForge_909,Malware Analysis,Cloud API,2025-07-01,899696,1694.87,03:25:14
798,CrimsonSignalTrace_725,Network Logs,Open Source,2025-09-07,371905,271.75,10:47:58
799,VortexThreatGrid_808,User Activity,SIEM System,2025-07-26,501116,3172.96,08:08:56
800,QuantumIntelHub_999,Firewall Events,Endpoint Agent,2025-09-16,262894,784.47,20:30:20
801,PhantomSignalTrace_182,Security Alerts,Endpoint Agent,2025-07-05,633003,509.16,00:11:20
802,EclipseThreatGrid_913,Firewall Events,Internal Sensor,2025-10-25,291268,712.56,07:11:24
803,NebulaNetStream_505,Firewall Events,Open Source,2025-10-15,576624,832.29,16:22:49
804,VortexDataForge_524,User Activity,Endpoint Agent,2025-06-07,539042,3520.36,08:20:04
805,TitanIntelHub_498,User Activity,Firewall Export,2025-06-03,797964,1548.85,12:57:16
806,NebulaLogMatrix_849,Security Alerts,Cloud API,2025-08-20,911780,4745.53,11:51:22
807,CrimsonCyberSphere_250,Threat Intelligence,Cloud API,2025-07-16,715735,2701.61,12:50:29
808,QuantumDataForge_852,Firewall Events,Internal Sensor,2025-06-06,703343,741.18,23:48:59
809,CrimsonCyberSphere_963,Security Alerts,Open Source,2025-11-24,173131,423.21,07:22:04
810,NebulaLogMatrix_482,Network Logs,Cloud API,2025-11-24,861422,883.42,18:37:02
811,PhantomDataForge_962,Firewall Events,Firewall Export,2025-08-23,311293,4861.37,17:06:44
812,ShadowDataForge_974,Firewall Events,Open Source,2025-11-24,620015,2447.32,16:54:56
813,PhantomRiskVault_532,Network Logs,Open Source,2025-09-25,841437,3990.17,19:58:23
814,NebulaNetStream_334,Threat Intelligence,Internal Sensor,2025-07-23,186688,247.32,01:16:05
815,QuantumIntelHub_711,Malware Analysis,Open Source,2025-11-20,982518,1672.86,02:43:10
816,AegisNetStream_693,Network Logs,Firewall Export,2025-08-06,932744,3422.09,04:40:24
817,QuantumPacketCore_999,Network Logs,Internal Sensor,2025-08-30,279341,829.87,09:06:38
818,AegisLogMatrix_746,Malware Analysis,Firewall Export,2025-09-20,668892,3818.18,23:09:08
819,QuantumLogMatrix_977,Network Logs,Cloud API,2025-10-10,619189,532.7,09:46:01
820,AegisNetStream_511,Security Alerts,Open Source,2025-07-21,949519,1361.53,07:53:05
821,VortexCyberSphere_115,Network Logs,Endpoint Agent,2025-10-30,265128,4407.72,13:11:48
822,TitanCyberSphere_372,Security Alerts,Cloud API,2025-09-25,383310,3932.71,21:10:54
823,ShadowDataForge_757,User Activity,SIEM System,2025-07-02,570297,3208.9,17:38:29
824,EclipseNetStream_552,Network Logs,Open Source,2025-07-28,815072,832.92,18:20:54
825,VortexCyberSphere_410,Firewall Events,SIEM System,2025-07-02,116745,4803.36,04:04:24
826,VortexIntelHub_912,Security Alerts,SIEM System,2025-08-27,814338,2053.38,01:49:56
827,AegisPacketCore_547,Malware Analysis,Cloud API,2025-09-20,561724,4168.72,01:22:11
828,CrimsonIntelHub_858,Network Logs,Cloud API,2025-11-22,741649,2458.98,07:07:52
829,CrimsonRiskVault_955,Security Alerts,Cloud API,2025-06-11,695364,4399.87,20:03:38
830,QuantumSecureFlow_868,Malware Analysis,Cloud API,2025-07-31,949195,2297.27,09:26:51
831,CrimsonLogMatrix_993,Threat Intelligence,Firewall Export,2025-08-09,23619,1397.56,00:53:40
832,EclipseDataForge_592,Malware Analysis,Cloud API,2025-06-06,317297,2455.64,19:23:38
833,NebulaDataForge_861,Firewall Events,Endpoint Agent,2025-07-19,150252,3008.53,18:09:44
834,QuantumNetStream_137,Malware Analysis,Cloud API,2025-06-10,588332,2307.76,09:01:07
835,QuantumPacketCore_789,Network Logs,Internal Sensor,2025-09-01,482350,1187.47,09:21:50
836,QuantumDataForge_360,Network Logs,Internal Sensor,2025-10-11,727621,3416.61,11:59:14
837,ShadowRiskVault_822,Threat Intelligence,Internal Sensor,2025-08-29,628034,4594.72,14:21:36
838,VortexPacketCore_932,Threat Intelligence,Internal Sensor,2025-11-19,824867,2786.49,14:29:56
839,QuantumCyberSphere_273,Security Alerts,SIEM System,2025-09-01,548333,1969.35,01:54:06
840,ShadowNetStream_258,Network Logs,Firewall Export,2025-07-29,8723,1956.79,12:11:24
841,TitanRiskVault_251,Malware Analysis,Endpoint Agent,2025-11-10,358770,2246.77,09:58:46
842,VortexIntelHub_303,Threat Intelligence,SIEM System,2025-11-05,272267,543.44,21:30:16
843,CrimsonThreatGrid_945,User Activity,Open Source,2025-10-20,940425,4345.06,13:08:48
844,EclipseDataForge_904,Network Logs,Internal Sensor,2025-06-29,737914,730.24,04:20:44
845,NebulaCyberSphere_460,User Activity,SIEM System,2025-06-02,452656,3388.05,10:19:24
846,CrimsonNetStream_559,Security Alerts,Open Source,2025-08-10,75322,3907.81,13:59:14
847,ShadowCyberSphere_371,Threat Intelligence,Firewall Export,2025-09-28,961011,3253.31,07:47:34
848,ShadowSecureFlow_600,Security Alerts,Firewall Export,2025-08-27,844147,1723.85,21:39:56
849,NebulaRiskVault_329,Threat Intelligence,Cloud API,2025-05-31,813751,1933.57,18:07:56
850,QuantumThreatGrid_910,Security Alerts,Cloud API,2025-11-22,724684,4827.64,02:04:36
851,CrimsonPacketCore_349,Malware Analysis,Open Source,2025-08-04,912834,2478.21,15:27:09
852,SpecterRiskVault_630,Threat Intelligence,SIEM System,2025-09-26,936715,1358.96,17:08:59
853,VortexThreatGrid_831,Threat Intelligence,Internal Sensor,2025-07-07,59711,379.39,21:03:44
854,EclipseDataForge_647,Threat Intelligence,Open Source,2025-11-13,491219,2677.93,05:17:54
855,SpecterLogMatrix_972,Threat Intelligence,Firewall Export,2025-06-24,927427,1058.76,15:56:39
856,QuantumSecureFlow_391,Firewall Events,Open Source,2025-06-26,743331,3206.43,10:44:50
857,CrimsonPacketCore_944,Security Alerts,SIEM System,2025-10-11,854876,732.35,21:38:20
858,PhantomIntelHub_250,User Activity,SIEM System,2025-07-21,265285,1764.85,03:28:00
859,PhantomThreatGrid_812,Malware Analysis,Firewall Export,2025-06-15,582452,1037.82,17:11:41
860,NebulaNetStream_969,Firewall Events,Open Source,2025-07-02,868567,4643.06,11:43:14
861,SpecterRiskVault_525,Network Logs,SIEM System,2025-08-04,708742,1224.44,16:39:08
862,PhantomLogMatrix_914,Network Logs,Cloud API,2025-11-08,97630,3529.93,04:00:20
863,EclipseSignalTrace_772,Network Logs,Firewall Export,2025-08-19,137276,3913.57,20:50:59
864,VortexNetStream_133,Malware Analysis,Cloud API,2025-08-11,439790,4361.88,21:49:45
865,SpecterCyberSphere_715,Threat Intelligence,Endpoint Agent,2025-09-05,488737,2504.74,16:31:24
866,VortexIntelHub_625,Security Alerts,Internal Sensor,2025-07-14,814260,3141.83,12:06:30
867,EclipseNetStream_482,Malware Analysis,SIEM System,2025-11-02,24041,2391.93,17:55:32
868,ShadowNetStream_416,Malware Analysis,Firewall Export,2025-06-10,632669,3218.48,21:22:44
869,VortexIntelHub_674,User Activity,Endpoint Agent,2025-08-30,406729,305.91,02:58:08
870,VortexSignalTrace_415,User Activity,Internal Sensor,2025-07-20,505574,393.46,05:39:10
871,SpecterSecureFlow_947,User Activity,SIEM System,2025-09-02,990661,2173.48,05:37:08
872,SpecterRiskVault_903,Security Alerts,Firewall Export,2025-07-12,678830,4393.64,11:42:20
873,TitanSignalTrace_437,User Activity,SIEM System,2025-10-13,106954,3062.51,06:12:37
874,CrimsonSignalTrace_447,Firewall Events,Cloud API,2025-10-20,706639,1545.6,00:25:56
875,NebulaPacketCore_489,Network Logs,SIEM System,2025-07-01,937438,4546.73,16:12:20
876,NebulaNetStream_795,User Activity,Internal Sensor,2025-10-31,389005,2759.14,19:33:15
877,ShadowNetStream_532,Threat Intelligence,SIEM System,2025-07-26,571880,3202.57,19:26:44
878,SpecterSignalTrace_640,Threat Intelligence,Open Source,2025-11-12,910999,3152.52,08:25:47
879,QuantumPacketCore_462,Security Alerts,Firewall Export,2025-11-02,834330,1929.58,14:18:32
880,ShadowSignalTrace_986,Network Logs,Cloud API,2025-09-06,343494,1603.41,01:12:14
881,AegisRiskVault_398,Security Alerts,Firewall Export,2025-11-19,701283,91.83,12:10:47
882,TitanCyberSphere_455,Firewall Events,Cloud API,2025-08-27,384191,1250.58,07:37:56
883,NebulaIntelHub_390,Network Logs,Cloud API,2025-09-02,900028,2855.03,04:20:53
884,TitanIntelHub_354,Threat Intelligence,Firewall Export,2025-10-01,458522,3464.53,10:34:45
885,QuantumCyberSphere_411,Firewall Events,SIEM System,2025-10-21,693848,863.3,19:57:14
886,CrimsonRiskVault_127,Firewall Events,Endpoint Agent,2025-07-20,749178,3461.5,23:55:40
887,EclipseSecureFlow_696,Firewall Events,Open Source,2025-10-14,261364,3345.92,20:49:14
888,TitanLogMatrix_587,Network Logs,SIEM System,2025-10-19,913589,2798.88,09:26:14
889,EclipseRiskVault_154,Security Alerts,SIEM System,2025-08-24,855494,2591.59,08:40:13
890,QuantumNetStream_411,User Activity,SIEM System,2025-06-27,722499,4910.76,07:11:47
891,AegisPacketCore_282,Network Logs,Firewall Export,2025-08-01,754546,3307.9,20:38:41
892,QuantumLogMatrix_417,Malware Analysis,Cloud API,2025-08-14,498673,2504.14,09:29:20
893,CrimsonLogMatrix_280,Firewall Events,Endpoint Agent,2025-09-06,31377,2184.16,05:44:24
894,QuantumLogMatrix_987,Network Logs,Cloud API,2025-10-28,98834,585.5,09:17:29
895,SpecterNetStream_139,Security Alerts,Open Source,2025-10-13,770218,1484.25,16:14:23
896,EclipseSecureFlow_552,User Activity,Open Source,2025-10-12,461013,116.76,10:35:48
897,SpecterSignalTrace_571,Security Alerts,SIEM System,2025-11-16,462998,4609.34,23:43:54
898,AegisIntelHub_361,User Activity,Open Source,2025-07-30,419312,4199.94,22:51:24
899,CrimsonThreatGrid_577,Network Logs,Open Source,2025-08-06,129753,911.82,18:33:28
900,VortexNetStream_391,Threat Intelligence,Open Source,2025-06-01,209069,1597.2,06:40:59
901,SpecterSignalTrace_772,Firewall Events,Cloud API,2025-09-16,987710,2159.88,19:06:25
902,VortexThreatGrid_789,Firewall Events,SIEM System,2025-09-19,910330,1313.86,11:53:50
903,AegisLogMatrix_952,Firewall Events,Internal Sensor,2025-10-18,99003,2355.56,15:44:32
904,ShadowPacketCore_836,Firewall Events,Internal Sensor,2025-08-24,398600,722.45,19:19:02
905,EclipseNetStream_363,Security Alerts,Firewall Export,2025-09-11,362027,3586.37,05:32:20
906,QuantumNetStream_108,Malware Analysis,Open Source,2025-09-10,563339,3278.21,12:30:25
907,EclipseLogMatrix_284,Malware Analysis,Endpoint Agent,2025-11-18,298152,4018.91,03:09:08
908,EclipseLogMatrix_727,Threat Intelligence,Firewall Export,2025-06-02,204665,4042.14,04:08:32
909,AegisThreatGrid_789,User Activity,Open Source,2025-06-25,667716,4001.97,10:15:19
910,CrimsonIntelHub_443,Network Logs,Cloud API,2025-06-10,805897,1708.72,18:11:24
911,AegisNetStream_313,Security Alerts,Internal Sensor,2025-06-16,168414,3349.06,06:01:56
912,TitanLogMatrix_126,Security Alerts,Firewall Export,2025-10-21,444978,114.93,20:43:46
913,NebulaIntelHub_335,Malware Analysis,Cloud API,2025-07-05,476731,734.26,01:57:44
914,EclipseSignalTrace_682,User Activity,SIEM System,2025-06-28,205778,2652.44,16:44:36
915,NebulaNetStream_955,User Activity,SIEM System,2025-06-11,925431,2370.01,15:29:26
916,NebulaSecureFlow_859,Security Alerts,Cloud API,2025-08-18,321400,3961.88,16:12:11
917,NebulaSecureFlow_172,Malware Analysis,Internal Sensor,2025-11-13,720913,1388.87,18:35:14
918,QuantumSignalTrace_603,Threat Intelligence,Open Source,2025-07-27,978624,1763.26,01:49:49
919,ShadowDataForge_441,Threat Intelligence,Cloud API,2025-09-22,702124,4743.67,01:05:59
920,SpecterCyberSphere_438,Security Alerts,Firewall Export,2025-06-08,260822,3448.34,06:32:14
921,VortexIntelHub_736,Firewall Events,Cloud API,2025-06-04,411943,3922.8,06:40:20
922,TitanNetStream_491,Security Alerts,Cloud API,2025-06-06,581343,2287.36,20:08:28
923,CrimsonRiskVault_404,Network Logs,Open Source,2025-08-13,986356,719.94,00:00:54
924,CrimsonDataForge_936,Malware Analysis,Open Source,2025-06-12,318756,3013.58,17:23:50
925,AegisSignalTrace_259,Malware Analysis,Internal Sensor,2025-11-14,907463,2382.56,22:33:29
926,ShadowRiskVault_963,User Activity,Firewall Export,2025-09-20,557741,2614.77,02:11:32
927,PhantomLogMatrix_883,Malware Analysis,Firewall Export,2025-09-27,202122,1220.2,14:17:56
928,CrimsonThreatGrid_855,Threat Intelligence,Open Source,2025-10-01,970315,4245.18,04:19:20
929,NebulaSecureFlow_757,Firewall Events,SIEM System,2025-11-09,954139,3632.36,23:48:56
930,ShadowSignalTrace_412,Security Alerts,Endpoint Agent,2025-08-20,863081,2116.8,11:06:42
931,NebulaPacketCore_161,Firewall Events,SIEM System,2025-07-04,648365,2073.88,17:17:04
932,ShadowSignalTrace_561,Firewall Events,Cloud API,2025-10-10,430202,1623.43,09:14:26
933,CrimsonIntelHub_416,Threat Intelligence,Firewall Export,2025-07-08,669175,3854.38,03:40:47
934,ShadowPacketCore_237,Network Logs,Cloud API,2025-08-23,502580,4530.35,11:03:38
935,PhantomDataForge_548,Malware Analysis,Endpoint Agent,2025-10-22,20573,3969.55,13:01:14
936,TitanCyberSphere_990,Malware Analysis,Firewall Export,2025-08-02,269600,3432.38,15:58:09
937,VortexDataForge_290,Malware Analysis,Firewall Export,2025-10-10,266012,1155.84,18:09:49
938,VortexRiskVault_383,Malware Analysis,Firewall Export,2025-07-24,205797,561.1,00:36:20
939,CrimsonSignalTrace_904,User Activity,Cloud API,2025-11-11,715888,431.92,22:38:44
940,VortexThreatGrid_957,Security Alerts,SIEM System,2025-08-12,359262,455.95,15:19:12
941,AegisNetStream_448,Threat Intelligence,Endpoint Agent,2025-10-29,125185,2217.52,21:00:18
942,QuantumThreatGrid_640,User Activity,Cloud API,2025-09-24,258920,4625.57,01:02:20
943,EclipsePacketCore_805,User Activity,Cloud API,2025-07-23,664238,37.37,10:24:56
944,SpecterRiskVault_303,User Activity,Cloud API,2025-06-26,190063,4340.56,15:18:44
945,CrimsonSecureFlow_307,Security Alerts,SIEM System,2025-10-23,897302,536.9,20:45:20
946,SpecterCyberSphere_506,Network Logs,Firewall Export,2025-08-07,197286,1391.22,16:21:18
947,TitanIntelHub_657,Security Alerts,SIEM System,2025-08-20,767566,1262.72,20:26:44
948,QuantumIntelHub_453,Malware Analysis,SIEM System,2025-06-25,234118,4002.51,18:20:59
949,QuantumIntelHub_712,User Activity,Firewall Export,2025-09-30,553208,3084.35,05:47:20
950,TitanLogMatrix_197,User Activity,Cloud API,2025-09-15,143704,197.55,11:17:49
951,NebulaCyberSphere_776,Security Alerts,Firewall Export,2025-07-23,662423,4925.42,03:43:29
952,EclipsePacketCore_416,Security Alerts,Endpoint Agent,2025-07-03,155072,1266.09,08:11:47
953,ShadowThreatGrid_734,User Activity,Open Source,2025-06-06,655569,211.58,12:37:48
954,QuantumPacketCore_158,Threat Intelligence,Endpoint Agent,2025-07-06,176941,1450.31,18:43:44
955,VortexRiskVault_140,Security Alerts,SIEM System,2025-10-31,250458,340.7,19:45:16
956,TitanDataForge_148,User Activity,Open Source,2025-09-16,993580,1134.29,07:15:55
957,ShadowIntelHub_146,User Activity,Internal Sensor,2025-08-20,48178,4477.93,02:44:08
958,AegisRiskVault_984,Network Logs,Internal Sensor,2025-09-27,565420,3188.29,08:11:34
959,NebulaIntelHub_505,User Activity,Cloud API,2025-11-25,972992,2674.88,10:03:32
960,TitanThreatGrid_879,Firewall Events,Cloud API,2025-07-05,808673,246.33,15:07:52
961,QuantumLogMatrix_120,Security Alerts,Cloud API,2025-08-27,233249,1584.31,02:16:14
962,VortexSecureFlow_461,Security Alerts,SIEM System,2025-09-21,230669,746.04,19:13:50
963,EclipseSecureFlow_805,Malware Analysis,Firewall Export,2025-10-10,709809,3184.58,01:06:37
964,ShadowPacketCore_777,Threat Intelligence,Cloud API,2025-07-28,93742,1324.1,23:35:05
965,PhantomPacketCore_324,Network Logs,Internal Sensor,2025-06-04,889702,151.87,20:59:32
966,NebulaThreatGrid_868,User Activity,Endpoint Agent,2025-09-11,807076,2782.98,09:56:12
967,CrimsonIntelHub_450,Threat Intelligence,SIEM System,2025-10-27,859395,2463.89,00:17:24
968,VortexDataForge_881,Malware Analysis,SIEM System,2025-06-17,689483,4943.08,11:35:02
969,TitanThreatGrid_912,Malware Analysis,Internal Sensor,2025-08-19,949362,1561.44,14:52:45
970,PhantomRiskVault_911,Malware Analysis,Cloud API,2025-09-07,754759,3859.39,21:38:25
971,NebulaPacketCore_387,Firewall Events,Internal Sensor,2025-10-31,731605,620.59,12:06:08
972,CrimsonDataForge_295,Security Alerts,Firewall Export,2025-08-20,145508,4735.47,19:09:25
973,VortexSecureFlow_244,Network Logs,Internal Sensor,2025-06-06,534350,774.39,00:52:14
974,ShadowPacketCore_143,User Activity,Endpoint Agent,2025-11-22,773984,4396.81,23:39:33
975,NebulaDataForge_253,Network Logs,Open Source,2025-10-09,644969,1853.57,17:46:44
976,CrimsonPacketCore_475,Security Alerts,Internal Sensor,2025-11-18,565189,3040.99,07:14:44
977,CrimsonNetStream_134,User Activity,Internal Sensor,2025-11-08,584566,3097.32,22:42:08
978,TitanLogMatrix_465,Threat Intelligence,Internal Sensor,2025-05-31,674285,3577.77,08:39:53
979,TitanThreatGrid_878,Security Alerts,SIEM System,2025-09-28,245318,4307.0,07:20:47
980,EclipseDataForge_372,Firewall Events,Firewall Export,2025-05-31,694705,2015.67,12:53:04
981,QuantumNetStream_788,Malware Analysis,Internal Sensor,2025-08-23,379255,4552.02,00:59:24
982,CrimsonThreatGrid_391,Threat Intelligence,Internal Sensor,2025-09-10,198118,2195.75,18:30:44
983,AegisPacketCore_965,Security Alerts,Internal Sensor,2025-07-17,947345,1124.16,03:49:58
984,ShadowCyberSphere_311,Threat Intelligence,Firewall Export,2025-08-20,806143,2497.77,08:02:34
985,EclipseNetStream_327,Firewall Events,Firewall Export,2025-09-23,652035,1069.29,01:55:51
986,EclipseThreatGrid_667,Security Alerts,Endpoint Agent,2025-06-10,942972,955.49,17:44:58
987,VortexCyberSphere_145,Malware Analysis,SIEM System,2025-08-31,805044,3017.74,09:55:08
988,AegisIntelHub_741,User Activity,SIEM System,2025-07-16,51961,2270.05,09:44:59
989,VortexLogMatrix_206,Network Logs,Internal Sensor,2025-08-21,973901,3826.4,18:56:29
990,EclipseDataForge_739,Firewall Events,Internal Sensor,2025-09-19,184240,293.79,05:03:32
991,SpecterSignalTrace_767,Threat Intelligence,SIEM System,2025-10-06,720718,4006.97,04:34:08
992,VortexCyberSphere_654,Network Logs,Firewall Export,2025-06-09,751979,1443.52,11:25:39
993,EclipseLogMatrix_175,User Activity,Open Source,2025-07-09,741522,684.83,06:10:00
994,VortexPacketCore_646,Threat Intelligence,Internal Sensor,2025-10-18,443054,4510.26,13:56:28
995,VortexLogMatrix_750,Threat Intelligence,Open Source,2025-08-10,35302,3207.44,16:20:36
996,CrimsonIntelHub_201,Security Alerts,Open Source,2025-11-23,678516,2233.37,16:18:12
997,ShadowIntelHub_225,Firewall Events,Internal Sensor,2025-09-12,568848,573.8,18:58:57
998,NebulaPacketCore_620,Security Alerts,Firewall Export,2025-09-07,950951,3305.27,13:12:07
999,ShadowNetStream_658,Network Logs,Firewall Export,2025-11-19,516683,307.35,11:48:12
1000,VortexCyberSphere_309,Network Logs,Open Source,2025-08-16,509447,611.31,21:40:56
